==================================== Jacobi迭代结果汇总 ====================================
  进程ID本地行号     列       0       1       2       3       4       5       6       7       8       9      10      11      12      13      14      15      16      17      18      19      20      21      22      23      24      25      26      27      28      29      30      31      32      33      34      35      36      37      38      39      40      41      42      43      44      45      46      47      48      49      50      51      52      53      54      55      56      57      58      59      60      61      62      63      64      65      66      67      68      69      70      71      72      73      74      75      76      77      78      79      80      81      82      83      84      85      86      87      88      89      90      91      92      93      94      95      96      97      98      99     100     101     102     103     104     105     106     107     108     109     110     111     112     113     114     115     116     117     118     119     120     121     122     123     124     125     126     127
--------------------------------------------------------------------------------------------
         0         1       :    8.00    8.00    8.00    8.00    8.00    8.00    8.00    8.00    8.00    8.00    8.00    8.00    8.00    8.00    8.00    8.00    8.00    8.00    8.00    8.00    8.00    8.00    8.00    8.00    8.00    8.00    8.00    8.00    8.00    8.00    8.00    8.00    8.00    8.00    8.00    8.00    8.00    8.00    8.00    8.00    8.00    8.00    8.00    8.00    8.00    8.00    8.00    8.00    8.00    8.00    8.00    8.00    8.00    8.00    8.00    8.00    8.00    8.00    8.00    8.00    8.00    8.00    8.00    8.00    8.00    8.00    8.00    8.00    8.00    8.00    8.00    8.00    8.00    8.00    8.00    8.00    8.00    8.00    8.00    8.00    8.00    8.00    8.00    8.00    8.00    8.00    8.00    8.00    8.00    8.00    8.00    8.00    8.00    8.00    8.00    8.00    8.00    8.00    8.00    8.00    8.00    8.00    8.00    8.00    8.00    8.00    8.00    8.00    8.00    8.00    8.00    8.00    8.00    8.00    8.00    8.00    8.00    8.00    8.00    8.00    8.00    8.00    8.00    8.00    8.00    8.00    8.00    8.00
         0         2       :    8.00    7.99    7.98    7.97    7.96    7.95    7.94    7.93    7.92    7.91    7.90    7.89    7.88    7.87    7.87    7.86    7.85    7.84    7.83    7.83    7.82    7.81    7.81    7.80    7.80    7.79    7.78    7.78    7.77    7.77    7.77    7.76    7.76    7.75    7.75    7.75    7.75    7.74    7.74    7.74    7.74    7.73    7.73    7.73    7.73    7.73    7.73    7.72    7.72    7.72    7.72    7.72    7.72    7.72    7.72    7.72    7.72    7.72    7.72    7.72    7.72    7.72    7.72    7.72    7.72    7.72    7.72    7.72    7.72    7.72    7.72    7.72    7.72    7.72    7.72    7.72    7.72    7.72    7.72    7.72    7.72    7.73    7.73    7.73    7.73    7.73    7.73    7.74    7.74    7.74    7.74    7.75    7.75    7.75    7.75    7.76    7.76    7.77    7.77    7.77    7.78    7.78    7.79    7.80    7.80    7.81    7.81    7.82    7.83    7.83    7.84    7.85    7.86    7.87    7.87    7.88    7.89    7.90    7.91    7.92    7.93    7.94    7.95    7.96    7.97    7.98    7.99    8.00
         0         3       :    8.00    7.98    7.96    7.94    7.92    7.90    7.88    7.86    7.84    7.82    7.80    7.79    7.77    7.75    7.73    7.72    7.70    7.68    7.67    7.66    7.64    7.63    7.62    7.60    7.59    7.58    7.57    7.56    7.55    7.54    7.53    7.52    7.52    7.51    7.50    7.50    7.49    7.49    7.48    7.48    7.47    7.47    7.46    7.46    7.46    7.46    7.45    7.45    7.45    7.45    7.44    7.44    7.44    7.44    7.44    7.44    7.44    7.44    7.44    7.44    7.44    7.44    7.44    7.44    7.44    7.44    7.44    7.44    7.44    7.44    7.44    7.44    7.44    7.44    7.44    7.44    7.44    7.44    7.45    7.45    7.45    7.45    7.46    7.46    7.46    7.46    7.47    7.47    7.48    7.48    7.49    7.49    7.50    7.50    7.51    7.52    7.52    7.53    7.54    7.55    7.56    7.57    7.58    7.59    7.60    7.62    7.63    7.64    7.66    7.67    7.68    7.70    7.72    7.73    7.75    7.77    7.79    7.80    7.82    7.84    7.86    7.88    7.90    7.92    7.94    7.96    7.98    8.00
         0         4       :    8.00    7.97    7.94    7.91    7.88    7.85    7.82    7.79    7.76    7.73    7.71    7.68    7.65    7.63    7.60    7.58    7.55    7.53    7.51    7.48    7.46    7.44    7.42    7.41    7.39    7.37    7.36    7.34    7.33    7.31    7.30    7.29    7.28    7.27    7.26    7.25    7.24    7.23    7.22    7.22    7.21    7.20    7.20    7.19    7.19    7.18    7.18    7.18    7.17    7.17    7.17    7.17    7.16    7.16    7.16    7.16    7.16    7.16    7.16    7.16    7.16    7.15    7.15    7.15    7.15    7.15    7.15    7.16    7.16    7.16    7.16    7.16    7.16    7.16    7.16    7.16    7.17    7.17    7.17    7.17    7.18    7.18    7.18    7.19    7.19    7.20    7.20    7.21    7.22    7.22    7.23    7.24    7.25    7.26    7.27    7.28    7.29    7.30    7.31    7.33    7.34    7.36    7.37    7.39    7.41    7.42    7.44    7.46    7.48    7.51    7.53    7.55    7.58    7.60    7.63    7.65    7.68    7.71    7.73    7.76    7.79    7.82    7.85    7.88    7.91    7.94    7.97    8.00
         0         5       :    8.00    7.96    7.92    7.88    7.84    7.80    7.76    7.72    7.68    7.65    7.61    7.57    7.54    7.50    7.47    7.44    7.40    7.37    7.34    7.31    7.29    7.26    7.23    7.21    7.19    7.16    7.14    7.12    7.10    7.09    7.07    7.05    7.04    7.02    7.01    7.00    6.99    6.98    6.97    6.96    6.95    6.94    6.93    6.93    6.92    6.92    6.91    6.91    6.90    6.90    6.89    6.89    6.89    6.89    6.88    6.88    6.88    6.88    6.88    6.88    6.88    6.88    6.88    6.87    6.87    6.88    6.88    6.88    6.88    6.88    6.88    6.88    6.88    6.88    6.89    6.89    6.89    6.89    6.90    6.90    6.91    6.91    6.92    6.92    6.93    6.93    6.94    6.95    6.96    6.97    6.98    6.99    7.00    7.01    7.02    7.04    7.05    7.07    7.09    7.10    7.12    7.14    7.16    7.19    7.21    7.23    7.26    7.29    7.31    7.34    7.37    7.40    7.44    7.47    7.50    7.54    7.57    7.61    7.65    7.68    7.72    7.76    7.80    7.84    7.88    7.92    7.96    8.00
         0         6       :    8.00    7.95    7.90    7.85    7.80    7.75    7.70    7.65    7.60    7.56    7.51    7.47    7.42    7.38    7.34    7.30    7.26    7.22    7.18    7.14    7.11    7.08    7.05    7.01    6.99    6.96    6.93    6.91    6.88    6.86    6.84    6.82    6.80    6.78    6.77    6.75    6.74    6.72    6.71    6.70    6.69    6.68    6.67    6.66    6.65    6.65    6.64    6.64    6.63    6.63    6.62    6.62    6.61    6.61    6.61    6.61    6.60    6.60    6.60    6.60    6.60    6.60    6.60    6.60    6.60    6.60    6.60    6.60    6.60    6.60    6.60    6.60    6.61    6.61    6.61    6.61    6.62    6.62    6.63    6.63    6.64    6.64    6.65    6.65    6.66    6.67    6.68    6.69    6.70    6.71    6.72    6.74    6.75    6.77    6.78    6.80    6.82    6.84    6.86    6.88    6.91    6.93    6.96    6.99    7.01    7.05    7.08    7.11    7.14    7.18    7.22    7.26    7.30    7.34    7.38    7.42    7.47    7.51    7.56    7.60    7.65    7.70    7.75    7.80    7.85    7.90    7.95    8.00
         0         7       :    8.00    7.94    7.88    7.82    7.76    7.70    7.64    7.58    7.53    7.47    7.42    7.36    7.31    7.26    7.21    7.16    7.11    7.06    7.02    6.98    6.94    6.90    6.86    6.82    6.79    6.75    6.72    6.69    6.66    6.64    6.61    6.59    6.57    6.55    6.53    6.51    6.49    6.47    6.46    6.45    6.43    6.42    6.41    6.40    6.39    6.38    6.38    6.37    6.36    6.36    6.35    6.35    6.34    6.34    6.34    6.33    6.33    6.33    6.33    6.33    6.33    6.32    6.32    6.32    6.32    6.32    6.32    6.33    6.33    6.33    6.33    6.33    6.33    6.34    6.34    6.34    6.35    6.35    6.36    6.36    6.37    6.38    6.38    6.39    6.40    6.41    6.42    6.43    6.45    6.46    6.47    6.49    6.51    6.53    6.55    6.57    6.59    6.61    6.64    6.66    6.69    6.72    6.75    6.79    6.82    6.86    6.90    6.94    6.98    7.02    7.06    7.11    7.16    7.21    7.26    7.31    7.36    7.42    7.47    7.53    7.58    7.64    7.70    7.76    7.82    7.88    7.94    8.00
         0         8       :    8.00    7.93    7.86    7.79    7.72    7.65    7.58    7.52    7.45    7.39    7.32    7.26    7.20    7.14    7.08    7.02    6.97    6.91    6.86    6.81    6.76    6.72    6.67    6.63    6.59    6.55    6.52    6.48    6.45    6.42    6.39    6.36    6.33    6.31    6.29    6.27    6.25    6.23    6.21    6.19    6.18    6.17    6.15    6.14    6.13    6.12    6.11    6.11    6.10    6.09    6.09    6.08    6.08    6.07    6.07    6.06    6.06    6.06    6.06    6.06    6.05    6.05    6.05    6.05    6.05    6.05    6.05    6.05    6.06    6.06    6.06    6.06    6.06    6.07    6.07    6.08    6.08    6.09    6.09    6.10    6.11    6.11    6.12    6.13    6.14    6.15    6.17    6.18    6.19    6.21    6.23    6.25    6.27    6.29    6.31    6.33    6.36    6.39    6.42    6.45    6.48    6.52    6.55    6.59    6.63    6.67    6.72    6.76    6.81    6.86    6.91    6.97    7.02    7.08    7.14    7.20    7.26    7.32    7.39    7.45    7.52    7.58    7.65    7.72    7.79    7.86    7.93    8.00
         0         9       :    8.00    7.92    7.84    7.76    7.68    7.60    7.53    7.45    7.38    7.30    7.23    7.16    7.09    7.02    6.95    6.89    6.83    6.76    6.71    6.65    6.59    6.54    6.49    6.44    6.40    6.35    6.31    6.27    6.24    6.20    6.17    6.14    6.11    6.08    6.05    6.03    6.01    5.98    5.96    5.95    5.93    5.91    5.90    5.89    5.88    5.86    5.85    5.85    5.84    5.83    5.82    5.82    5.81    5.81    5.80    5.80    5.80    5.79    5.79    5.79    5.79    5.79    5.79    5.78    5.78    5.79    5.79    5.79    5.79    5.79    5.79    5.80    5.80    5.80    5.81    5.81    5.82    5.82    5.83    5.84    5.85    5.85    5.86    5.88    5.89    5.90    5.91    5.93    5.95    5.96    5.98    6.01    6.03    6.05    6.08    6.11    6.14    6.17    6.20    6.24    6.27    6.31    6.35    6.40    6.44    6.49    6.54    6.59    6.65    6.71    6.76    6.83    6.89    6.95    7.02    7.09    7.16    7.23    7.30    7.38    7.45    7.53    7.60    7.68    7.76    7.84    7.92    8.00
         0        10       :    8.00    7.91    7.82    7.73    7.65    7.56    7.47    7.39    7.30    7.22    7.14    7.06    6.98    6.90    6.83    6.76    6.69    6.62    6.55    6.49    6.43    6.37    6.31    6.26    6.21    6.16    6.11    6.07    6.03    5.99    5.95    5.91    5.88    5.85    5.82    5.79    5.77    5.74    5.72    5.70    5.68    5.67    5.65    5.64    5.62    5.61    5.60    5.59    5.58    5.57    5.56    5.56    5.55    5.55    5.54    5.54    5.53    5.53    5.53    5.53    5.52    5.52    5.52    5.52    5.52    5.52    5.52    5.52    5.53    5.53    5.53    5.53    5.54    5.54    5.55    5.55    5.56    5.56    5.57    5.58    5.59    5.60    5.61    5.62    5.64    5.65    5.67    5.68    5.70    5.72    5.74    5.77    5.79    5.82    5.85    5.88    5.91    5.95    5.99    6.03    6.07    6.11    6.16    6.21    6.26    6.31    6.37    6.43    6.49    6.55    6.62    6.69    6.76    6.83    6.90    6.98    7.06    7.14    7.22    7.30    7.39    7.47    7.56    7.65    7.73    7.82    7.91    8.00
         0        11       :    8.00    7.90    7.80    7.71    7.61    7.51    7.42    7.32    7.23    7.14    7.05    6.96    6.87    6.79    6.71    6.63    6.55    6.47    6.40    6.33    6.26    6.20    6.14    6.08    6.02    5.97    5.92    5.87    5.82    5.78    5.74    5.70    5.66    5.63    5.59    5.56    5.54    5.51    5.49    5.46    5.44    5.42    5.41    5.39    5.37    5.36    5.35    5.34    5.33    5.32    5.31    5.30    5.30    5.29    5.29    5.28    5.28    5.27    5.27    5.27    5.27    5.26    5.26    5.26    5.26    5.26    5.26    5.27    5.27    5.27    5.27    5.28    5.28    5.29    5.29    5.30    5.30    5.31    5.32    5.33    5.34    5.35    5.36    5.37    5.39    5.41    5.42    5.44    5.46    5.49    5.51    5.54    5.56    5.59    5.63    5.66    5.70    5.74    5.78    5.82    5.87    5.92    5.97    6.02    6.08    6.14    6.20    6.26    6.33    6.40    6.47    6.55    6.63    6.71    6.79    6.87    6.96    7.05    7.14    7.23    7.32    7.42    7.51    7.61    7.71    7.80    7.90    8.00
         0        12       :    8.00    7.89    7.79    7.68    7.57    7.47    7.36    7.26    7.16    7.06    6.96    6.86    6.77    6.68    6.59    6.50    6.41    6.33    6.25    6.18    6.10    6.03    5.96    5.90    5.84    5.78    5.72    5.67    5.62    5.57    5.53    5.48    5.44    5.41    5.37    5.34    5.31    5.28    5.25    5.23    5.21    5.18    5.17    5.15    5.13    5.12    5.10    5.09    5.08    5.07    5.06    5.05    5.05    5.04    5.03    5.03    5.02    5.02    5.02    5.02    5.01    5.01    5.01    5.01    5.01    5.01    5.01    5.01    5.02    5.02    5.02    5.02    5.03    5.03    5.04    5.05    5.05    5.06    5.07    5.08    5.09    5.10    5.12    5.13    5.15    5.17    5.18    5.21    5.23    5.25    5.28    5.31    5.34    5.37    5.41    5.44    5.48    5.53    5.57    5.62    5.67    5.72    5.78    5.84    5.90    5.96    6.03    6.10    6.18    6.25    6.33    6.41    6.50    6.59    6.68    6.77    6.86    6.96    7.06    7.16    7.26    7.36    7.47    7.57    7.68    7.79    7.89    8.00
         0        13       :    8.00    7.88    7.77    7.65    7.54    7.42    7.31    7.20    7.09    6.98    6.87    6.77    6.67    6.57    6.47    6.37    6.28    6.19    6.11    6.03    5.95    5.87    5.80    5.73    5.66    5.59    5.53    5.48    5.42    5.37    5.32    5.27    5.23    5.19    5.15    5.12    5.08    5.05    5.03    5.00    4.97    4.95    4.93    4.91    4.89    4.88    4.86    4.85    4.84    4.83    4.82    4.81    4.80    4.79    4.79    4.78    4.78    4.77    4.77    4.77    4.77    4.76    4.76    4.76    4.76    4.76    4.76    4.77    4.77    4.77    4.77    4.78    4.78    4.79    4.79    4.80    4.81    4.82    4.83    4.84    4.85    4.86    4.88    4.89    4.91    4.93    4.95    4.97    5.00    5.03    5.05    5.08    5.12    5.15    5.19    5.23    5.27    5.32    5.37    5.42    5.48    5.53    5.59    5.66    5.73    5.80    5.87    5.95    6.03    6.11    6.19    6.28    6.37    6.47    6.57    6.67    6.77    6.87    6.98    7.09    7.20    7.31    7.42    7.54    7.65    7.77    7.88    8.00
         0        14       :    8.00    7.87    7.75    7.63    7.50    7.38    7.26    7.14    7.02    6.90    6.79    6.68    6.57    6.46    6.35    6.25    6.15    6.06    5.97    5.88    5.79    5.71    5.63    5.56    5.48    5.41    5.35    5.29    5.23    5.17    5.12    5.07    5.02    4.98    4.94    4.90    4.87    4.83    4.80    4.77    4.75    4.72    4.70    4.68    4.66    4.64    4.63    4.62    4.60    4.59    4.58    4.57    4.56    4.55    4.55    4.54    4.54    4.53    4.53    4.53    4.52    4.52    4.52    4.52    4.52    4.52    4.52    4.52    4.53    4.53    4.53    4.54    4.54    4.55    4.55    4.56    4.57    4.58    4.59    4.60    4.62    4.63    4.64    4.66    4.68    4.70    4.72    4.75    4.77    4.80    4.83    4.87    4.90    4.94    4.98    5.02    5.07    5.12    5.17    5.23    5.29    5.35    5.41    5.48    5.56    5.63    5.71    5.79    5.88    5.97    6.06    6.15    6.25    6.35    6.46    6.57    6.68    6.79    6.90    7.02    7.14    7.26    7.38    7.50    7.63    7.75    7.87    8.00
         0        15       :    8.00    7.87    7.73    7.60    7.47    7.34    7.21    7.08    6.95    6.83    6.71    6.59    6.47    6.35    6.24    6.13    6.03    5.93    5.83    5.73    5.64    5.56    5.47    5.39    5.31    5.24    5.17    5.10    5.04    4.98    4.93    4.87    4.82    4.78    4.73    4.69    4.65    4.62    4.59    4.56    4.53    4.50    4.48    4.46    4.44    4.42    4.40    4.39    4.37    4.36    4.35    4.34    4.33    4.32    4.31    4.31    4.30    4.30    4.29    4.29    4.29    4.29    4.29    4.28    4.28    4.29    4.29    4.29    4.29    4.29    4.30    4.30    4.31    4.31    4.32    4.33    4.34    4.35    4.36    4.37    4.39    4.40    4.42    4.44    4.46    4.48    4.50    4.53    4.56    4.59    4.62    4.65    4.69    4.73    4.78    4.82    4.87    4.93    4.98    5.04    5.10    5.17    5.24    5.31    5.39    5.47    5.56    5.64    5.73    5.83    5.93    6.03    6.13    6.24    6.35    6.47    6.59    6.71    6.83    6.95    7.08    7.21    7.34    7.47    7.60    7.73    7.87    8.00
         0        16       :    8.00    7.86    7.72    7.58    7.44    7.30    7.16    7.02    6.89    6.76    6.63    6.50    6.37    6.25    6.13    6.02    5.91    5.80    5.70    5.59    5.50    5.40    5.31    5.23    5.15    5.07    5.00    4.93    4.86    4.80    4.74    4.68    4.63    4.58    4.53    4.49    4.45    4.41    4.38    4.34    4.31    4.29    4.26    4.24    4.22    4.20    4.18    4.16    4.15    4.13    4.12    4.11    4.10    4.09    4.09    4.08    4.07    4.07    4.07    4.06    4.06    4.06    4.06    4.06    4.06    4.06    4.06    4.06    4.06    4.07    4.07    4.07    4.08    4.09    4.09    4.10    4.11    4.12    4.13    4.15    4.16    4.18    4.20    4.22    4.24    4.26    4.29    4.31    4.34    4.38    4.41    4.45    4.49    4.53    4.58    4.63    4.68    4.74    4.80    4.86    4.93    5.00    5.07    5.15    5.23    5.31    5.40    5.50    5.59    5.70    5.80    5.91    6.02    6.13    6.25    6.37    6.50    6.63    6.76    6.89    7.02    7.16    7.30    7.44    7.58    7.72    7.86    8.00
         0        17       :    8.00    7.85    7.70    7.55    7.40    7.26    7.11    6.97    6.83    6.69    6.55    6.41    6.28    6.15    6.03    5.91    5.79    5.68    5.57    5.46    5.36    5.26    5.16    5.07    4.99    4.90    4.83    4.75    4.68    4.61    4.55    4.49    4.44    4.38    4.34    4.29    4.25    4.21    4.17    4.14    4.11    4.08    4.05    4.03    4.00    3.98    3.96    3.95    3.93    3.92    3.90    3.89    3.88    3.87    3.87    3.86    3.85    3.85    3.84    3.84    3.84    3.84    3.83    3.83    3.83    3.83    3.84    3.84    3.84    3.84    3.85    3.85    3.86    3.87    3.87    3.88    3.89    3.90    3.92    3.93    3.95    3.96    3.98    4.00    4.03    4.05    4.08    4.11    4.14    4.17    4.21    4.25    4.29    4.34    4.38    4.44    4.49    4.55    4.61    4.68    4.75    4.83    4.90    4.99    5.07    5.16    5.26    5.36    5.46    5.57    5.68    5.79    5.91    6.03    6.15    6.28    6.41    6.55    6.69    6.83    6.97    7.11    7.26    7.40    7.55    7.70    7.85    8.00
         0        18       :    8.00    7.84    7.68    7.53    7.37    7.22    7.06    6.91    6.76    6.62    6.47    6.33    6.19    6.06    5.93    5.80    5.68    5.56    5.44    5.33    5.22    5.12    5.02    4.92    4.83    4.74    4.66    4.58    4.51    4.44    4.37    4.31    4.25    4.20    4.15    4.10    4.05    4.01    3.97    3.94    3.90    3.87    3.85    3.82    3.80    3.77    3.75    3.74    3.72    3.71    3.69    3.68    3.67    3.66    3.65    3.65    3.64    3.63    3.63    3.63    3.62    3.62    3.62    3.62    3.62    3.62    3.62    3.62    3.63    3.63    3.63    3.64    3.65    3.65    3.66    3.67    3.68    3.69    3.71    3.72    3.74    3.75    3.77    3.80    3.82    3.85    3.87    3.90    3.94    3.97    4.01    4.05    4.10    4.15    4.20    4.25    4.31    4.37    4.44    4.51    4.58    4.66    4.74    4.83    4.92    5.02    5.12    5.22    5.33    5.44    5.56    5.68    5.80    5.93    6.06    6.19    6.33    6.47    6.62    6.76    6.91    7.06    7.22    7.37    7.53    7.68    7.84    8.00
         0        19       :    8.00    7.83    7.67    7.51    7.34    7.18    7.02    6.86    6.71    6.55    6.40    6.25    6.11    5.97    5.83    5.70    5.57    5.44    5.32    5.20    5.09    4.98    4.87    4.78    4.68    4.59    4.50    4.42    4.34    4.27    4.20    4.14    4.07    4.02    3.96    3.91    3.87    3.82    3.78    3.74    3.71    3.68    3.65    3.62    3.60    3.57    3.55    3.53    3.52    3.50    3.49    3.48    3.46    3.45    3.45    3.44    3.43    3.43    3.42    3.42    3.41    3.41    3.41    3.41    3.41    3.41    3.41    3.41    3.42    3.42    3.43    3.43    3.44    3.45    3.45    3.46    3.48    3.49    3.50    3.52    3.53    3.55    3.57    3.60    3.62    3.65    3.68    3.71    3.74    3.78    3.82    3.87    3.91    3.96    4.02    4.07    4.14    4.20    4.27    4.34    4.42    4.50    4.59    4.68    4.78    4.87    4.98    5.09    5.20    5.32    5.44    5.57    5.70    5.83    5.97    6.11    6.25    6.40    6.55    6.71    6.86    7.02    7.18    7.34    7.51    7.67    7.83    8.00
         0        20       :    8.00    7.83    7.66    7.48    7.31    7.14    6.98    6.81    6.65    6.49    6.33    6.18    6.03    5.88    5.73    5.59    5.46    5.33    5.20    5.08    4.96    4.85    4.74    4.63    4.53    4.44    4.35    4.26    4.18    4.11    4.03    3.97    3.90    3.84    3.79    3.73    3.69    3.64    3.60    3.56    3.52    3.49    3.46    3.43    3.40    3.38    3.36    3.34    3.32    3.30    3.29    3.28    3.27    3.26    3.25    3.24    3.23    3.23    3.22    3.22    3.21    3.21    3.21    3.21    3.21    3.21    3.21    3.21    3.22    3.22    3.23    3.23    3.24    3.25    3.26    3.27    3.28    3.29    3.30    3.32    3.34    3.36    3.38    3.40    3.43    3.46    3.49    3.52    3.56    3.60    3.64    3.69    3.73    3.79    3.84    3.90    3.97    4.03    4.11    4.18    4.26    4.35    4.44    4.53    4.63    4.74    4.85    4.96    5.08    5.20    5.33    5.46    5.59    5.73    5.88    6.03    6.18    6.33    6.49    6.65    6.81    6.98    7.14    7.31    7.48    7.66    7.83    8.00
         0        21       :    8.00    7.82    7.64    7.46    7.29    7.11    6.94    6.76    6.59    6.43    6.26    6.10    5.95    5.79    5.64    5.50    5.36    5.22    5.09    4.96    4.84    4.72    4.61    4.50    4.40    4.30    4.20    4.11    4.03    3.95    3.87    3.80    3.74    3.67    3.62    3.56    3.51    3.46    3.42    3.38    3.34    3.31    3.27    3.25    3.22    3.19    3.17    3.15    3.13    3.12    3.10    3.09    3.07    3.06    3.05    3.05    3.04    3.03    3.03    3.02    3.02    3.02    3.02    3.02    3.02    3.02    3.02    3.02    3.02    3.03    3.03    3.04    3.05    3.05    3.06    3.07    3.09    3.10    3.12    3.13    3.15    3.17    3.19    3.22    3.25    3.27    3.31    3.34    3.38    3.42    3.46    3.51    3.56    3.62    3.67    3.74    3.80    3.87    3.95    4.03    4.11    4.20    4.30    4.40    4.50    4.61    4.72    4.84    4.96    5.09    5.22    5.36    5.50    5.64    5.79    5.95    6.10    6.26    6.43    6.59    6.76    6.94    7.11    7.29    7.46    7.64    7.82    8.00
         0        22       :    8.00    7.81    7.63    7.44    7.26    7.08    6.90    6.72    6.54    6.37    6.20    6.03    5.87    5.71    5.56    5.40    5.26    5.12    4.98    4.85    4.72    4.60    4.48    4.37    4.26    4.16    4.06    3.97    3.88    3.80    3.72    3.65    3.58    3.51    3.45    3.40    3.34    3.29    3.25    3.21    3.17    3.13    3.10    3.07    3.04    3.01    2.99    2.97    2.95    2.93    2.92    2.90    2.89    2.88    2.87    2.86    2.85    2.85    2.84    2.84    2.83    2.83    2.83    2.83    2.83    2.83    2.83    2.83    2.84    2.84    2.85    2.85    2.86    2.87    2.88    2.89    2.90    2.92    2.93    2.95    2.97    2.99    3.01    3.04    3.07    3.10    3.13    3.17    3.21    3.25    3.29    3.34    3.40    3.45    3.51    3.58    3.65    3.72    3.80    3.88    3.97    4.06    4.16    4.26    4.37    4.48    4.60    4.72    4.85    4.98    5.12    5.26    5.40    5.56    5.71    5.87    6.03    6.20    6.37    6.54    6.72    6.90    7.08    7.26    7.44    7.63    7.81    8.00
         0        23       :    8.00    7.81    7.62    7.42    7.23    7.05    6.86    6.67    6.49    6.31    6.14    5.96    5.80    5.63    5.47    5.31    5.16    5.02    4.87    4.74    4.61    4.48    4.36    4.24    4.13    4.03    3.93    3.83    3.74    3.65    3.57    3.50    3.43    3.36    3.30    3.24    3.18    3.13    3.09    3.04    3.00    2.96    2.93    2.90    2.87    2.84    2.82    2.80    2.78    2.76    2.74    2.73    2.72    2.70    2.69    2.68    2.68    2.67    2.66    2.66    2.66    2.65    2.65    2.65    2.65    2.65    2.65    2.66    2.66    2.66    2.67    2.68    2.68    2.69    2.70    2.72    2.73    2.74    2.76    2.78    2.80    2.82    2.84    2.87    2.90    2.93    2.96    3.00    3.04    3.09    3.13    3.18    3.24    3.30    3.36    3.43    3.50    3.57    3.65    3.74    3.83    3.93    4.03    4.13    4.24    4.36    4.48    4.61    4.74    4.87    5.02    5.16    5.31    5.47    5.63    5.80    5.96    6.14    6.31    6.49    6.67    6.86    7.05    7.23    7.42    7.62    7.81    8.00
         0        24       :    8.00    7.80    7.60    7.41    7.21    7.01    6.82    6.63    6.44    6.26    6.08    5.90    5.73    5.56    5.39    5.23    5.07    4.92    4.78    4.63    4.50    4.37    4.24    4.12    4.01    3.90    3.80    3.70    3.60    3.52    3.43    3.35    3.28    3.21    3.15    3.09    3.03    2.98    2.93    2.88    2.84    2.80    2.77    2.74    2.71    2.68    2.65    2.63    2.61    2.59    2.57    2.56    2.55    2.53    2.52    2.52    2.51    2.50    2.49    2.49    2.49    2.48    2.48    2.48    2.48    2.48    2.48    2.49    2.49    2.49    2.50    2.51    2.52    2.52    2.53    2.55    2.56    2.57    2.59    2.61    2.63    2.65    2.68    2.71    2.74    2.77    2.80    2.84    2.88    2.93    2.98    3.03    3.09    3.15    3.21    3.28    3.35    3.43    3.52    3.60    3.70    3.80    3.90    4.01    4.12    4.24    4.37    4.50    4.63    4.78    4.92    5.07    5.23    5.39    5.56    5.73    5.90    6.08    6.26    6.44    6.63    6.82    7.01    7.21    7.41    7.60    7.80    8.00
         0        25       :    8.00    7.80    7.59    7.39    7.19    6.99    6.79    6.59    6.40    6.21    6.02    5.84    5.66    5.48    5.31    5.15    4.99    4.83    4.68    4.53    4.40    4.26    4.13    4.01    3.89    3.78    3.67    3.57    3.47    3.38    3.30    3.22    3.14    3.07    3.00    2.94    2.88    2.83    2.78    2.73    2.69    2.65    2.61    2.58    2.55    2.52    2.50    2.47    2.45    2.43    2.41    2.40    2.39    2.37    2.36    2.35    2.35    2.34    2.33    2.33    2.32    2.32    2.32    2.32    2.32    2.32    2.32    2.32    2.33    2.33    2.34    2.35    2.35    2.36    2.37    2.39    2.40    2.41    2.43    2.45    2.47    2.50    2.52    2.55    2.58    2.61    2.65    2.69    2.73    2.78    2.83    2.88    2.94    3.00    3.07    3.14    3.22    3.30    3.38    3.47    3.57    3.67    3.78    3.89    4.01    4.13    4.26    4.40    4.53    4.68    4.83    4.99    5.15    5.31    5.48    5.66    5.84    6.02    6.21    6.40    6.59    6.79    6.99    7.19    7.39    7.59    7.80    8.00
         0        26       :    8.00    7.79    7.58    7.37    7.16    6.96    6.75    6.55    6.35    6.16    5.97    5.78    5.59    5.41    5.24    5.07    4.90    4.74    4.59    4.44    4.30    4.16    4.03    3.90    3.78    3.66    3.55    3.45    3.35    3.26    3.17    3.09    3.01    2.94    2.87    2.80    2.74    2.69    2.64    2.59    2.54    2.50    2.47    2.43    2.40    2.37    2.35    2.32    2.30    2.28    2.26    2.25    2.23    2.22    2.21    2.20    2.19    2.18    2.18    2.17    2.17    2.17    2.16    2.16    2.16    2.16    2.17    2.17    2.17    2.18    2.18    2.19    2.20    2.21    2.22    2.23    2.25    2.26    2.28    2.30    2.32    2.35    2.37    2.40    2.43    2.47    2.50    2.54    2.59    2.64    2.69    2.74    2.80    2.87    2.94    3.01    3.09    3.17    3.26    3.35    3.45    3.55    3.66    3.78    3.90    4.03    4.16    4.30    4.44    4.59    4.74    4.90    5.07    5.24    5.41    5.59    5.78    5.97    6.16    6.35    6.55    6.75    6.96    7.16    7.37    7.58    7.79    8.00
         0        27       :    8.00    7.78    7.57    7.36    7.14    6.93    6.72    6.52    6.31    6.11    5.92    5.72    5.53    5.35    5.17    5.00    4.83    4.66    4.50    4.35    4.20    4.06    3.93    3.80    3.67    3.55    3.44    3.33    3.23    3.14    3.05    2.96    2.88    2.81    2.74    2.67    2.61    2.55    2.50    2.45    2.41    2.36    2.33    2.29    2.26    2.23    2.20    2.18    2.16    2.14    2.12    2.10    2.09    2.07    2.06    2.05    2.04    2.04    2.03    2.02    2.02    2.02    2.02    2.02    2.02    2.02    2.02    2.02    2.02    2.03    2.04    2.04    2.05    2.06    2.07    2.09    2.10    2.12    2.14    2.16    2.18    2.20    2.23    2.26    2.29    2.33    2.36    2.41    2.45    2.50    2.55    2.61    2.67    2.74    2.81    2.88    2.96    3.05    3.14    3.23    3.33    3.44    3.55    3.67    3.80    3.93    4.06    4.20    4.35    4.50    4.66    4.83    5.00    5.17    5.35    5.53    5.72    5.92    6.11    6.31    6.52    6.72    6.93    7.14    7.36    7.57    7.78    8.00
         0        28       :    8.00    7.78    7.56    7.34    7.12    6.91    6.69    6.48    6.27    6.07    5.87    5.67    5.48    5.29    5.10    4.93    4.75    4.58    4.42    4.26    4.11    3.97    3.83    3.70    3.57    3.45    3.33    3.22    3.12    3.02    2.93    2.84    2.76    2.69    2.61    2.55    2.48    2.43    2.37    2.32    2.28    2.23    2.19    2.16    2.12    2.09    2.07    2.04    2.02    2.00    1.98    1.96    1.95    1.93    1.92    1.91    1.90    1.90    1.89    1.89    1.88    1.88    1.88    1.87    1.87    1.88    1.88    1.88    1.89    1.89    1.90    1.90    1.91    1.92    1.93    1.95    1.96    1.98    2.00    2.02    2.04    2.07    2.09    2.12    2.16    2.19    2.23    2.28    2.32    2.37    2.43    2.48    2.55    2.61    2.69    2.76    2.84    2.93    3.02    3.12    3.22    3.33    3.45    3.57    3.70    3.83    3.97    4.11    4.26    4.42    4.58    4.75    4.93    5.10    5.29    5.48    5.67    5.87    6.07    6.27    6.48    6.69    6.91    7.12    7.34    7.56    7.78    8.00
         0        29       :    8.00    7.77    7.55    7.33    7.10    6.88    6.66    6.45    6.24    6.03    5.82    5.62    5.42    5.23    5.04    4.86    4.68    4.51    4.34    4.18    4.03    3.88    3.74    3.60    3.47    3.35    3.23    3.12    3.02    2.92    2.82    2.73    2.65    2.57    2.50    2.43    2.36    2.30    2.25    2.20    2.15    2.11    2.07    2.03    2.00    1.97    1.94    1.91    1.89    1.87    1.85    1.83    1.82    1.80    1.79    1.78    1.77    1.76    1.76    1.75    1.75    1.75    1.74    1.74    1.74    1.74    1.75    1.75    1.75    1.76    1.76    1.77    1.78    1.79    1.80    1.82    1.83    1.85    1.87    1.89    1.91    1.94    1.97    2.00    2.03    2.07    2.11    2.15    2.20    2.25    2.30    2.36    2.43    2.50    2.57    2.65    2.73    2.82    2.92    3.02    3.12    3.23    3.35    3.47    3.60    3.74    3.88    4.03    4.18    4.34    4.51    4.68    4.86    5.04    5.23    5.42    5.62    5.82    6.03    6.24    6.45    6.66    6.88    7.10    7.33    7.55    7.77    8.00
         0        30       :    8.00    7.77    7.54    7.31    7.09    6.86    6.64    6.42    6.20    5.99    5.78    5.57    5.37    5.17    4.98    4.80    4.61    4.44    4.27    4.11    3.95    3.80    3.65    3.52    3.38    3.26    3.14    3.02    2.92    2.81    2.72    2.63    2.54    2.46    2.39    2.32    2.25    2.19    2.13    2.08    2.03    1.99    1.95    1.91    1.88    1.84    1.82    1.79    1.77    1.74    1.73    1.71    1.69    1.68    1.67    1.66    1.65    1.64    1.63    1.63    1.62    1.62    1.62    1.62    1.62    1.62    1.62    1.62    1.63    1.63    1.64    1.65    1.66    1.67    1.68    1.69    1.71    1.73    1.74    1.77    1.79    1.82    1.84    1.88    1.91    1.95    1.99    2.03    2.08    2.13    2.19    2.25    2.32    2.39    2.46    2.54    2.63    2.72    2.81    2.92    3.02    3.14    3.26    3.38    3.52    3.65    3.80    3.95    4.11    4.27    4.44    4.61    4.80    4.98    5.17    5.37    5.57    5.78    5.99    6.20    6.42    6.64    6.86    7.09    7.31    7.54    7.77    8.00
         0        31       :    8.00    7.77    7.53    7.30    7.07    6.84    6.61    6.39    6.17    5.95    5.74    5.53    5.32    5.12    4.93    4.74    4.55    4.37    4.20    4.03    3.87    3.72    3.57    3.43    3.30    3.17    3.05    2.93    2.82    2.72    2.62    2.53    2.44    2.36    2.28    2.21    2.14    2.08    2.03    1.97    1.92    1.88    1.84    1.80    1.76    1.73    1.70    1.67    1.65    1.63    1.61    1.59    1.58    1.56    1.55    1.54    1.53    1.52    1.51    1.51    1.50    1.50    1.50    1.50    1.50    1.50    1.50    1.50    1.51    1.51    1.52    1.53    1.54    1.55    1.56    1.58    1.59    1.61    1.63    1.65    1.67    1.70    1.73    1.76    1.80    1.84    1.88    1.92    1.97    2.03    2.08    2.14    2.21    2.28    2.36    2.44    2.53    2.62    2.72    2.82    2.93    3.05    3.17    3.30    3.43    3.57    3.72    3.87    4.03    4.20    4.37    4.55    4.74    4.93    5.12    5.32    5.53    5.74    5.95    6.17    6.39    6.61    6.84    7.07    7.30    7.53    7.77    8.00
         0        32       :    8.00    7.76    7.52    7.29    7.05    6.82    6.59    6.36    6.14    5.91    5.70    5.48    5.27    5.07    4.87    4.68    4.49    4.31    4.14    3.97    3.80    3.65    3.50    3.35    3.22    3.09    2.96    2.84    2.73    2.63    2.53    2.43    2.34    2.26    2.18    2.11    2.04    1.98    1.92    1.87    1.82    1.77    1.73    1.69    1.66    1.62    1.59    1.57    1.54    1.52    1.50    1.48    1.47    1.45    1.44    1.43    1.42    1.41    1.40    1.40    1.39    1.39    1.39    1.39    1.39    1.39    1.39    1.39    1.40    1.40    1.41    1.42    1.43    1.44    1.45    1.47    1.48    1.50    1.52    1.54    1.57    1.59    1.62    1.66    1.69    1.73    1.77    1.82    1.87    1.92    1.98    2.04    2.11    2.18    2.26    2.34    2.43    2.53    2.63    2.73    2.84    2.96    3.09    3.22    3.35    3.50    3.65    3.80    3.97    4.14    4.31    4.49    4.68    4.87    5.07    5.27    5.48    5.70    5.91    6.14    6.36    6.59    6.82    7.05    7.29    7.52    7.76    8.00
         0        33       :    8.00    7.76    7.52    7.28    7.04    6.80    6.57    6.33    6.11    5.88    5.66    5.44    5.23    5.02    4.82    4.63    4.44    4.25    4.07    3.90    3.74    3.58    3.43    3.28    3.14    3.01    2.88    2.76    2.65    2.54    2.44    2.34    2.25    2.17    2.09    2.02    1.95    1.89    1.83    1.77    1.72    1.67    1.63    1.59    1.55    1.52    1.49    1.46    1.44    1.42    1.40    1.38    1.36    1.35    1.33    1.32    1.31    1.31    1.30    1.29    1.29    1.28    1.28    1.28    1.28    1.28    1.28    1.29    1.29    1.30    1.31    1.31    1.32    1.33    1.35    1.36    1.38    1.40    1.42    1.44    1.46    1.49    1.52    1.55    1.59    1.63    1.67    1.72    1.77    1.83    1.89    1.95    2.02    2.09    2.17    2.25    2.34    2.44    2.54    2.65    2.76    2.88    3.01    3.14    3.28    3.43    3.58    3.74    3.90    4.07    4.25    4.44    4.63    4.82    5.02    5.23    5.44    5.66    5.88    6.11    6.33    6.57    6.80    7.04    7.28    7.52    7.76    8.00
         0        34       :    8.00    7.75    7.51    7.27    7.02    6.78    6.55    6.31    6.08    5.85    5.63    5.41    5.19    4.98    4.78    4.58    4.38    4.20    4.02    3.84    3.67    3.51    3.36    3.21    3.07    2.94    2.81    2.69    2.57    2.46    2.36    2.26    2.17    2.08    2.00    1.93    1.86    1.80    1.74    1.68    1.63    1.58    1.54    1.50    1.46    1.43    1.40    1.37    1.34    1.32    1.30    1.28    1.26    1.25    1.24    1.23    1.22    1.21    1.20    1.19    1.19    1.19    1.18    1.18    1.18    1.18    1.19    1.19    1.19    1.20    1.21    1.22    1.23    1.24    1.25    1.26    1.28    1.30    1.32    1.34    1.37    1.40    1.43    1.46    1.50    1.54    1.58    1.63    1.68    1.74    1.80    1.86    1.93    2.00    2.08    2.17    2.26    2.36    2.46    2.57    2.69    2.81    2.94    3.07    3.21    3.36    3.51    3.67    3.84    4.02    4.20    4.38    4.58    4.78    4.98    5.19    5.41    5.63    5.85    6.08    6.31    6.55    6.78    7.02    7.27    7.51    7.75    8.00
         0        35       :    8.00    7.75    7.50    7.26    7.01    6.77    6.53    6.29    6.05    5.82    5.59    5.37    5.15    4.94    4.73    4.53    4.34    4.15    3.96    3.79    3.62    3.45    3.30    3.15    3.00    2.87    2.74    2.61    2.50    2.39    2.28    2.18    2.09    2.00    1.92    1.85    1.78    1.71    1.65    1.59    1.54    1.49    1.45    1.41    1.37    1.34    1.31    1.28    1.25    1.23    1.21    1.19    1.17    1.16    1.15    1.13    1.12    1.12    1.11    1.10    1.10    1.09    1.09    1.09    1.09    1.09    1.09    1.10    1.10    1.11    1.12    1.12    1.13    1.15    1.16    1.17    1.19    1.21    1.23    1.25    1.28    1.31    1.34    1.37    1.41    1.45    1.49    1.54    1.59    1.65    1.71    1.78    1.85    1.92    2.00    2.09    2.18    2.28    2.39    2.50    2.61    2.74    2.87    3.00    3.15    3.30    3.45    3.62    3.79    3.96    4.15    4.34    4.53    4.73    4.94    5.15    5.37    5.59    5.82    6.05    6.29    6.53    6.77    7.01    7.26    7.50    7.75    8.00
         0        36       :    8.00    7.75    7.50    7.25    7.00    6.75    6.51    6.27    6.03    5.79    5.56    5.34    5.12    4.90    4.69    4.49    4.29    4.10    3.91    3.73    3.56    3.40    3.24    3.09    2.94    2.80    2.67    2.55    2.43    2.32    2.21    2.11    2.02    1.93    1.85    1.77    1.70    1.63    1.57    1.51    1.46    1.41    1.37    1.33    1.29    1.25    1.22    1.19    1.17    1.15    1.12    1.11    1.09    1.07    1.06    1.05    1.04    1.03    1.02    1.02    1.01    1.01    1.01    1.00    1.00    1.01    1.01    1.01    1.02    1.02    1.03    1.04    1.05    1.06    1.07    1.09    1.11    1.12    1.15    1.17    1.19    1.22    1.25    1.29    1.33    1.37    1.41    1.46    1.51    1.57    1.63    1.70    1.77    1.85    1.93    2.02    2.11    2.21    2.32    2.43    2.55    2.67    2.80    2.94    3.09    3.24    3.40    3.56    3.73    3.91    4.10    4.29    4.49    4.69    4.90    5.12    5.34    5.56    5.79    6.03    6.27    6.51    6.75    7.00    7.25    7.50    7.75    8.00
         0        37       :    8.00    7.75    7.49    7.24    6.99    6.74    6.49    6.25    6.01    5.77    5.54    5.31    5.08    4.87    4.65    4.45    4.25    4.05    3.87    3.69    3.51    3.34    3.18    3.03    2.88    2.74    2.61    2.48    2.36    2.25    2.14    2.04    1.95    1.86    1.78    1.70    1.63    1.56    1.50    1.44    1.39    1.34    1.29    1.25    1.21    1.18    1.15    1.12    1.09    1.07    1.05    1.03    1.01    0.99    0.98    0.97    0.96    0.95    0.94    0.94    0.93    0.93    0.93    0.92    0.92    0.93    0.93    0.93    0.94    0.94    0.95    0.96    0.97    0.98    0.99    1.01    1.03    1.05    1.07    1.09    1.12    1.15    1.18    1.21    1.25    1.29    1.34    1.39    1.44    1.50    1.56    1.63    1.70    1.78    1.86    1.95    2.04    2.14    2.25    2.36    2.48    2.61    2.74    2.88    3.03    3.18    3.34    3.51    3.69    3.87    4.05    4.25    4.45    4.65    4.87    5.08    5.31    5.54    5.77    6.01    6.25    6.49    6.74    6.99    7.24    7.49    7.75    8.00
         0        38       :    8.00    7.74    7.49    7.23    6.98    6.72    6.47    6.23    5.98    5.74    5.51    5.28    5.05    4.83    4.62    4.41    4.21    4.01    3.82    3.64    3.46    3.29    3.13    2.98    2.83    2.69    2.55    2.43    2.30    2.19    2.08    1.98    1.89    1.80    1.71    1.63    1.56    1.49    1.43    1.37    1.32    1.27    1.22    1.18    1.14    1.11    1.07    1.04    1.02    0.99    0.97    0.95    0.94    0.92    0.91    0.89    0.88    0.88    0.87    0.86    0.86    0.85    0.85    0.85    0.85    0.85    0.85    0.86    0.86    0.87    0.88    0.88    0.89    0.91    0.92    0.94    0.95    0.97    0.99    1.02    1.04    1.07    1.11    1.14    1.18    1.22    1.27    1.32    1.37    1.43    1.49    1.56    1.63    1.71    1.80    1.89    1.98    2.08    2.19    2.30    2.43    2.55    2.69    2.83    2.98    3.13    3.29    3.46    3.64    3.82    4.01    4.21    4.41    4.62    4.83    5.05    5.28    5.51    5.74    5.98    6.23    6.47    6.72    6.98    7.23    7.49    7.74    8.00
         0        39       :    8.00    7.74    7.48    7.22    6.97    6.71    6.46    6.21    5.96    5.72    5.49    5.25    5.03    4.80    4.59    4.38    4.17    3.97    3.78    3.60    3.42    3.25    3.09    2.93    2.78    2.64    2.50    2.37    2.25    2.13    2.03    1.92    1.83    1.74    1.65    1.57    1.50    1.43    1.37    1.31    1.25    1.20    1.16    1.11    1.07    1.04    1.01    0.98    0.95    0.93    0.90    0.88    0.87    0.85    0.84    0.83    0.82    0.81    0.80    0.79    0.79    0.78    0.78    0.78    0.78    0.78    0.78    0.79    0.79    0.80    0.81    0.82    0.83    0.84    0.85    0.87    0.88    0.90    0.93    0.95    0.98    1.01    1.04    1.07    1.11    1.16    1.20    1.25    1.31    1.37    1.43    1.50    1.57    1.65    1.74    1.83    1.92    2.03    2.13    2.25    2.37    2.50    2.64    2.78    2.93    3.09    3.25    3.42    3.60    3.78    3.97    4.17    4.38    4.59    4.80    5.03    5.25    5.49    5.72    5.96    6.21    6.46    6.71    6.97    7.22    7.48    7.74    8.00
         0        40       :    8.00    7.74    7.48    7.22    6.96    6.70    6.45    6.19    5.95    5.70    5.46    5.23    5.00    4.77    4.56    4.34    4.14    3.94    3.74    3.56    3.38    3.21    3.04    2.88    2.73    2.59    2.45    2.32    2.20    2.08    1.97    1.87    1.77    1.68    1.59    1.51    1.44    1.37    1.31    1.25    1.19    1.14    1.10    1.05    1.01    0.98    0.94    0.91    0.89    0.86    0.84    0.82    0.80    0.79    0.77    0.76    0.75    0.74    0.73    0.73    0.72    0.72    0.72    0.72    0.72    0.72    0.72    0.72    0.73    0.73    0.74    0.75    0.76    0.77    0.79    0.80    0.82    0.84    0.86    0.89    0.91    0.94    0.98    1.01    1.05    1.10    1.14    1.19    1.25    1.31    1.37    1.44    1.51    1.59    1.68    1.77    1.87    1.97    2.08    2.20    2.32    2.45    2.59    2.73    2.88    3.04    3.21    3.38    3.56    3.74    3.94    4.14    4.34    4.56    4.77    5.00    5.23    5.46    5.70    5.95    6.19    6.45    6.70    6.96    7.22    7.48    7.74    8.00
         0        41       :    8.00    7.74    7.47    7.21    6.95    6.69    6.43    6.18    5.93    5.68    5.44    5.21    4.97    4.75    4.53    4.31    4.11    3.90    3.71    3.52    3.34    3.17    3.00    2.84    2.69    2.54    2.41    2.28    2.15    2.03    1.92    1.82    1.72    1.63    1.54    1.46    1.39    1.32    1.25    1.19    1.14    1.09    1.04    1.00    0.96    0.92    0.89    0.86    0.83    0.80    0.78    0.76    0.74    0.73    0.72    0.70    0.69    0.68    0.68    0.67    0.66    0.66    0.66    0.66    0.66    0.66    0.66    0.66    0.67    0.68    0.68    0.69    0.70    0.72    0.73    0.74    0.76    0.78    0.80    0.83    0.86    0.89    0.92    0.96    1.00    1.04    1.09    1.14    1.19    1.25    1.32    1.39    1.46    1.54    1.63    1.72    1.82    1.92    2.03    2.15    2.28    2.41    2.54    2.69    2.84    3.00    3.17    3.34    3.52    3.71    3.90    4.11    4.31    4.53    4.75    4.97    5.21    5.44    5.68    5.93    6.18    6.43    6.69    6.95    7.21    7.47    7.74    8.00
         0        42       :    8.00    7.73    7.47    7.20    6.94    6.68    6.42    6.17    5.91    5.67    5.42    5.18    4.95    4.72    4.50    4.29    4.08    3.87    3.68    3.49    3.31    3.13    2.96    2.80    2.65    2.50    2.36    2.23    2.11    1.99    1.88    1.77    1.67    1.58    1.49    1.41    1.34    1.27    1.20    1.14    1.09    1.03    0.99    0.94    0.90    0.87    0.83    0.80    0.78    0.75    0.73    0.71    0.69    0.67    0.66    0.65    0.64    0.63    0.62    0.61    0.61    0.61    0.60    0.60    0.60    0.60    0.61    0.61    0.61    0.62    0.63    0.64    0.65    0.66    0.67    0.69    0.71    0.73    0.75    0.78    0.80    0.83    0.87    0.90    0.94    0.99    1.03    1.09    1.14    1.20    1.27    1.34    1.41    1.49    1.58    1.67    1.77    1.88    1.99    2.11    2.23    2.36    2.50    2.65    2.80    2.96    3.13    3.31    3.49    3.68    3.87    4.08    4.29    4.50    4.72    4.95    5.18    5.42    5.67    5.91    6.17    6.42    6.68    6.94    7.20    7.47    7.73    8.00
         0        43       :    8.00    7.73    7.46    7.20    6.93    6.67    6.41    6.15    5.90    5.65    5.41    5.17    4.93    4.70    4.48    4.26    4.05    3.85    3.65    3.46    3.27    3.10    2.93    2.77    2.61    2.47    2.33    2.19    2.07    1.95    1.84    1.73    1.63    1.54    1.45    1.37    1.29    1.22    1.16    1.10    1.04    0.99    0.94    0.90    0.86    0.82    0.78    0.75    0.73    0.70    0.68    0.66    0.64    0.62    0.61    0.60    0.59    0.58    0.57    0.56    0.56    0.56    0.55    0.55    0.55    0.55    0.56    0.56    0.56    0.57    0.58    0.59    0.60    0.61    0.62    0.64    0.66    0.68    0.70    0.73    0.75    0.78    0.82    0.86    0.90    0.94    0.99    1.04    1.10    1.16    1.22    1.29    1.37    1.45    1.54    1.63    1.73    1.84    1.95    2.07    2.19    2.33    2.47    2.61    2.77    2.93    3.10    3.27    3.46    3.65    3.85    4.05    4.26    4.48    4.70    4.93    5.17    5.41    5.65    5.90    6.15    6.41    6.67    6.93    7.20    7.46    7.73    8.00
         0        44       :    8.00    7.73    7.46    7.19    6.93    6.66    6.40    6.14    5.89    5.64    5.39    5.15    4.91    4.68    4.46    4.24    4.03    3.82    3.62    3.43    3.25    3.07    2.90    2.74    2.58    2.43    2.29    2.16    2.03    1.91    1.80    1.69    1.59    1.50    1.41    1.33    1.25    1.18    1.11    1.05    1.00    0.94    0.90    0.85    0.81    0.77    0.74    0.71    0.68    0.66    0.63    0.61    0.60    0.58    0.56    0.55    0.54    0.53    0.52    0.52    0.51    0.51    0.51    0.51    0.51    0.51    0.51    0.51    0.52    0.52    0.53    0.54    0.55    0.56    0.58    0.60    0.61    0.63    0.66    0.68    0.71    0.74    0.77    0.81    0.85    0.90    0.94    1.00    1.05    1.11    1.18    1.25    1.33    1.41    1.50    1.59    1.69    1.80    1.91    2.03    2.16    2.29    2.43    2.58    2.74    2.90    3.07    3.25    3.43    3.62    3.82    4.03    4.24    4.46    4.68    4.91    5.15    5.39    5.64    5.89    6.14    6.40    6.66    6.93    7.19    7.46    7.73    8.00
         0        45       :    8.00    7.73    7.46    7.19    6.92    6.65    6.39    6.13    5.88    5.62    5.37    5.13    4.89    4.66    4.44    4.22    4.00    3.80    3.60    3.40    3.22    3.04    2.87    2.71    2.55    2.40    2.26    2.12    2.00    1.88    1.76    1.66    1.55    1.46    1.37    1.29    1.21    1.14    1.07    1.01    0.96    0.90    0.86    0.81    0.77    0.73    0.70    0.67    0.64    0.61    0.59    0.57    0.55    0.54    0.52    0.51    0.50    0.49    0.48    0.48    0.47    0.47    0.46    0.46    0.46    0.46    0.47    0.47    0.48    0.48    0.49    0.50    0.51    0.52    0.54    0.55    0.57    0.59    0.61    0.64    0.67    0.70    0.73    0.77    0.81    0.86    0.90    0.96    1.01    1.07    1.14    1.21    1.29    1.37    1.46    1.55    1.66    1.76    1.88    2.00    2.12    2.26    2.40    2.55    2.71    2.87    3.04    3.22    3.40    3.60    3.80    4.00    4.22    4.44    4.66    4.89    5.13    5.37    5.62    5.88    6.13    6.39    6.65    6.92    7.19    7.46    7.73    8.00
         0        46       :    8.00    7.73    7.46    7.18    6.92    6.65    6.38    6.12    5.86    5.61    5.36    5.12    4.88    4.64    4.42    4.20    3.98    3.77    3.57    3.38    3.19    3.01    2.84    2.68    2.52    2.37    2.23    2.09    1.97    1.84    1.73    1.62    1.52    1.43    1.34    1.25    1.18    1.11    1.04    0.98    0.92    0.87    0.82    0.77    0.73    0.70    0.66    0.63    0.60    0.58    0.55    0.53    0.51    0.50    0.48    0.47    0.46    0.45    0.44    0.44    0.43    0.43    0.43    0.42    0.42    0.43    0.43    0.43    0.44    0.44    0.45    0.46    0.47    0.48    0.50    0.51    0.53    0.55    0.58    0.60    0.63    0.66    0.70    0.73    0.77    0.82    0.87    0.92    0.98    1.04    1.11    1.18    1.25    1.34    1.43    1.52    1.62    1.73    1.84    1.97    2.09    2.23    2.37    2.52    2.68    2.84    3.01    3.19    3.38    3.57    3.77    3.98    4.20    4.42    4.64    4.88    5.12    5.36    5.61    5.86    6.12    6.38    6.65    6.92    7.18    7.46    7.73    8.00
         0        47       :    8.00    7.73    7.45    7.18    6.91    6.64    6.38    6.11    5.85    5.60    5.35    5.10    4.86    4.63    4.40    4.18    3.96    3.75    3.55    3.36    3.17    2.99    2.82    2.65    2.50    2.35    2.20    2.07    1.94    1.82    1.70    1.59    1.49    1.40    1.31    1.22    1.15    1.07    1.01    0.94    0.89    0.83    0.78    0.74    0.70    0.66    0.63    0.60    0.57    0.54    0.52    0.50    0.48    0.46    0.45    0.44    0.43    0.42    0.41    0.40    0.40    0.39    0.39    0.39    0.39    0.39    0.39    0.40    0.40    0.41    0.42    0.43    0.44    0.45    0.46    0.48    0.50    0.52    0.54    0.57    0.60    0.63    0.66    0.70    0.74    0.78    0.83    0.89    0.94    1.01    1.07    1.15    1.22    1.31    1.40    1.49    1.59    1.70    1.82    1.94    2.07    2.20    2.35    2.50    2.65    2.82    2.99    3.17    3.36    3.55    3.75    3.96    4.18    4.40    4.63    4.86    5.10    5.35    5.60    5.85    6.11    6.38    6.64    6.91    7.18    7.45    7.73    8.00
         0        48       :    8.00    7.72    7.45    7.18    6.91    6.64    6.37    6.11    5.85    5.59    5.34    5.09    4.85    4.62    4.39    4.16    3.95    3.74    3.53    3.34    3.15    2.97    2.80    2.63    2.47    2.32    2.18    2.04    1.91    1.79    1.67    1.57    1.46    1.37    1.28    1.19    1.12    1.04    0.98    0.91    0.86    0.80    0.75    0.71    0.67    0.63    0.60    0.56    0.54    0.51    0.49    0.47    0.45    0.43    0.42    0.40    0.39    0.38    0.38    0.37    0.36    0.36    0.36    0.36    0.36    0.36    0.36    0.36    0.37    0.38    0.38    0.39    0.40    0.42    0.43    0.45    0.47    0.49    0.51    0.54    0.56    0.60    0.63    0.67    0.71    0.75    0.80    0.86    0.91    0.98    1.04    1.12    1.19    1.28    1.37    1.46    1.57    1.67    1.79    1.91    2.04    2.18    2.32    2.47    2.63    2.80    2.97    3.15    3.34    3.53    3.74    3.95    4.16    4.39    4.62    4.85    5.09    5.34    5.59    5.85    6.11    6.37    6.64    6.91    7.18    7.45    7.72    8.00
         0        49       :    8.00    7.72    7.45    7.17    6.90    6.63    6.36    6.10    5.84    5.58    5.33    5.08    4.84    4.60    4.37    4.15    3.93    3.72    3.52    3.32    3.13    2.95    2.78    2.61    2.45    2.30    2.16    2.02    1.89    1.77    1.65    1.54    1.44    1.34    1.25    1.17    1.09    1.02    0.95    0.89    0.83    0.78    0.73    0.68    0.64    0.60    0.57    0.54    0.51    0.48    0.46    0.44    0.42    0.40    0.39    0.38    0.36    0.36    0.35    0.34    0.34    0.33    0.33    0.33    0.33    0.33    0.33    0.34    0.34    0.35    0.36    0.36    0.38    0.39    0.40    0.42    0.44    0.46    0.48    0.51    0.54    0.57    0.60    0.64    0.68    0.73    0.78    0.83    0.89    0.95    1.02    1.09    1.17    1.25    1.34    1.44    1.54    1.65    1.77    1.89    2.02    2.16    2.30    2.45    2.61    2.78    2.95    3.13    3.32    3.52    3.72    3.93    4.15    4.37    4.60    4.84    5.08    5.33    5.58    5.84    6.10    6.36    6.63    6.90    7.17    7.45    7.72    8.00
         0        50       :    8.00    7.72    7.45    7.17    6.90    6.63    6.36    6.09    5.83    5.57    5.32    5.07    4.83    4.59    4.36    4.13    3.92    3.71    3.50    3.30    3.12    2.93    2.76    2.59    2.43    2.28    2.14    2.00    1.87    1.74    1.63    1.52    1.42    1.32    1.23    1.15    1.07    0.99    0.93    0.86    0.80    0.75    0.70    0.66    0.61    0.58    0.54    0.51    0.48    0.46    0.43    0.41    0.39    0.38    0.36    0.35    0.34    0.33    0.32    0.31    0.31    0.31    0.30    0.30    0.30    0.30    0.31    0.31    0.31    0.32    0.33    0.34    0.35    0.36    0.38    0.39    0.41    0.43    0.46    0.48    0.51    0.54    0.58    0.61    0.66    0.70    0.75    0.80    0.86    0.93    0.99    1.07    1.15    1.23    1.32    1.42    1.52    1.63    1.74    1.87    2.00    2.14    2.28    2.43    2.59    2.76    2.93    3.12    3.30    3.50    3.71    3.92    4.13    4.36    4.59    4.83    5.07    5.32    5.57    5.83    6.09    6.36    6.63    6.90    7.17    7.45    7.72    8.00
         0        51       :    8.00    7.72    7.44    7.17    6.89    6.62    6.35    6.09    5.82    5.56    5.31    5.06    4.82    4.58    4.35    4.12    3.90    3.69    3.49    3.29    3.10    2.92    2.74    2.57    2.41    2.26    2.12    1.98    1.85    1.73    1.61    1.50    1.40    1.30    1.21    1.12    1.05    0.97    0.90    0.84    0.78    0.73    0.68    0.63    0.59    0.55    0.52    0.49    0.46    0.43    0.41    0.39    0.37    0.35    0.34    0.33    0.31    0.31    0.30    0.29    0.29    0.28    0.28    0.28    0.28    0.28    0.28    0.29    0.29    0.30    0.31    0.31    0.33    0.34    0.35    0.37    0.39    0.41    0.43    0.46    0.49    0.52    0.55    0.59    0.63    0.68    0.73    0.78    0.84    0.90    0.97    1.05    1.12    1.21    1.30    1.40    1.50    1.61    1.73    1.85    1.98    2.12    2.26    2.41    2.57    2.74    2.92    3.10    3.29    3.49    3.69    3.90    4.12    4.35    4.58    4.82    5.06    5.31    5.56    5.82    6.09    6.35    6.62    6.89    7.17    7.44    7.72    8.00
         0        52       :    8.00    7.72    7.44    7.17    6.89    6.62    6.35    6.08    5.82    5.56    5.30    5.05    4.81    4.57    4.34    4.11    3.89    3.68    3.48    3.28    3.09    2.90    2.73    2.56    2.40    2.25    2.10    1.96    1.83    1.71    1.59    1.48    1.38    1.28    1.19    1.11    1.03    0.95    0.88    0.82    0.76    0.71    0.66    0.61    0.57    0.53    0.50    0.47    0.44    0.41    0.39    0.37    0.35    0.33    0.32    0.30    0.29    0.28    0.28    0.27    0.26    0.26    0.26    0.26    0.26    0.26    0.26    0.26    0.27    0.28    0.28    0.29    0.30    0.32    0.33    0.35    0.37    0.39    0.41    0.44    0.47    0.50    0.53    0.57    0.61    0.66    0.71    0.76    0.82    0.88    0.95    1.03    1.11    1.19    1.28    1.38    1.48    1.59    1.71    1.83    1.96    2.10    2.25    2.40    2.56    2.73    2.90    3.09    3.28    3.48    3.68    3.89    4.11    4.34    4.57    4.81    5.05    5.30    5.56    5.82    6.08    6.35    6.62    6.89    7.17    7.44    7.72    8.00
         0        53       :    8.00    7.72    7.44    7.16    6.89    6.61    6.34    6.08    5.81    5.55    5.30    5.05    4.80    4.56    4.33    4.10    3.88    3.67    3.46    3.27    3.07    2.89    2.72    2.55    2.39    2.23    2.09    1.95    1.82    1.69    1.58    1.47    1.36    1.26    1.17    1.09    1.01    0.94    0.87    0.80    0.74    0.69    0.64    0.60    0.55    0.51    0.48    0.45    0.42    0.39    0.37    0.35    0.33    0.31    0.30    0.29    0.27    0.27    0.26    0.25    0.25    0.24    0.24    0.24    0.24    0.24    0.24    0.25    0.25    0.26    0.27    0.27    0.29    0.30    0.31    0.33    0.35    0.37    0.39    0.42    0.45    0.48    0.51    0.55    0.60    0.64    0.69    0.74    0.80    0.87    0.94    1.01    1.09    1.17    1.26    1.36    1.47    1.58    1.69    1.82    1.95    2.09    2.23    2.39    2.55    2.72    2.89    3.07    3.27    3.46    3.67    3.88    4.10    4.33    4.56    4.80    5.05    5.30    5.55    5.81    6.08    6.34    6.61    6.89    7.16    7.44    7.72    8.00
         0        54       :    8.00    7.72    7.44    7.16    6.89    6.61    6.34    6.07    5.81    5.55    5.29    5.04    4.79    4.55    4.32    4.09    3.87    3.66    3.45    3.26    3.06    2.88    2.70    2.53    2.37    2.22    2.07    1.93    1.80    1.68    1.56    1.45    1.35    1.25    1.16    1.07    0.99    0.92    0.85    0.79    0.73    0.67    0.62    0.58    0.54    0.50    0.46    0.43    0.40    0.38    0.35    0.33    0.31    0.30    0.28    0.27    0.26    0.25    0.24    0.23    0.23    0.22    0.22    0.22    0.22    0.22    0.22    0.23    0.23    0.24    0.25    0.26    0.27    0.28    0.30    0.31    0.33    0.35    0.38    0.40    0.43    0.46    0.50    0.54    0.58    0.62    0.67    0.73    0.79    0.85    0.92    0.99    1.07    1.16    1.25    1.35    1.45    1.56    1.68    1.80    1.93    2.07    2.22    2.37    2.53    2.70    2.88    3.06    3.26    3.45    3.66    3.87    4.09    4.32    4.55    4.79    5.04    5.29    5.55    5.81    6.07    6.34    6.61    6.89    7.16    7.44    7.72    8.00
         0        55       :    8.00    7.72    7.44    7.16    6.88    6.61    6.34    6.07    5.80    5.54    5.29    5.03    4.79    4.55    4.31    4.09    3.87    3.65    3.45    3.25    3.05    2.87    2.69    2.52    2.36    2.21    2.06    1.92    1.79    1.67    1.55    1.44    1.33    1.24    1.15    1.06    0.98    0.91    0.84    0.77    0.72    0.66    0.61    0.56    0.52    0.48    0.45    0.42    0.39    0.36    0.34    0.32    0.30    0.28    0.27    0.25    0.24    0.23    0.23    0.22    0.21    0.21    0.21    0.21    0.21    0.21    0.21    0.21    0.22    0.23    0.23    0.24    0.25    0.27    0.28    0.30    0.32    0.34    0.36    0.39    0.42    0.45    0.48    0.52    0.56    0.61    0.66    0.72    0.77    0.84    0.91    0.98    1.06    1.15    1.24    1.33    1.44    1.55    1.67    1.79    1.92    2.06    2.21    2.36    2.52    2.69    2.87    3.05    3.25    3.45    3.65    3.87    4.09    4.31    4.55    4.79    5.03    5.29    5.54    5.80    6.07    6.34    6.61    6.88    7.16    7.44    7.72    8.00
         0        56       :    8.00    7.72    7.44    7.16    6.88    6.61    6.33    6.06    5.80    5.54    5.28    5.03    4.78    4.54    4.31    4.08    3.86    3.65    3.44    3.24    3.05    2.86    2.68    2.52    2.35    2.20    2.05    1.91    1.78    1.66    1.54    1.43    1.32    1.23    1.13    1.05    0.97    0.89    0.83    0.76    0.70    0.65    0.60    0.55    0.51    0.47    0.44    0.40    0.38    0.35    0.33    0.30    0.29    0.27    0.25    0.24    0.23    0.22    0.21    0.21    0.20    0.20    0.19    0.19    0.19    0.19    0.20    0.20    0.21    0.21    0.22    0.23    0.24    0.25    0.27    0.29    0.30    0.33    0.35    0.38    0.40    0.44    0.47    0.51    0.55    0.60    0.65    0.70    0.76    0.83    0.89    0.97    1.05    1.13    1.23    1.32    1.43    1.54    1.66    1.78    1.91    2.05    2.20    2.35    2.52    2.68    2.86    3.05    3.24    3.44    3.65    3.86    4.08    4.31    4.54    4.78    5.03    5.28    5.54    5.80    6.06    6.33    6.61    6.88    7.16    7.44    7.72    8.00
         0        57       :    8.00    7.72    7.44    7.16    6.88    6.60    6.33    6.06    5.80    5.53    5.28    5.02    4.78    4.54    4.30    4.07    3.85    3.64    3.43    3.23    3.04    2.85    2.68    2.51    2.35    2.19    2.04    1.90    1.77    1.65    1.53    1.42    1.31    1.22    1.12    1.04    0.96    0.88    0.82    0.75    0.69    0.64    0.59    0.54    0.50    0.46    0.43    0.39    0.36    0.34    0.31    0.29    0.27    0.26    0.24    0.23    0.22    0.21    0.20    0.19    0.19    0.19    0.18    0.18    0.18    0.18    0.19    0.19    0.19    0.20    0.21    0.22    0.23    0.24    0.26    0.27    0.29    0.31    0.34    0.36    0.39    0.43    0.46    0.50    0.54    0.59    0.64    0.69    0.75    0.82    0.88    0.96    1.04    1.12    1.22    1.31    1.42    1.53    1.65    1.77    1.90    2.04    2.19    2.35    2.51    2.68    2.85    3.04    3.23    3.43    3.64    3.85    4.07    4.30    4.54    4.78    5.02    5.28    5.53    5.80    6.06    6.33    6.60    6.88    7.16    7.44    7.72    8.00
         0        58       :    8.00    7.72    7.44    7.16    6.88    6.60    6.33    6.06    5.79    5.53    5.27    5.02    4.77    4.53    4.30    4.07    3.85    3.63    3.43    3.23    3.03    2.85    2.67    2.50    2.34    2.18    2.04    1.90    1.76    1.64    1.52    1.41    1.31    1.21    1.12    1.03    0.95    0.88    0.81    0.74    0.68    0.63    0.58    0.53    0.49    0.45    0.42    0.38    0.36    0.33    0.31    0.28    0.27    0.25    0.23    0.22    0.21    0.20    0.19    0.18    0.18    0.18    0.17    0.17    0.17    0.17    0.18    0.18    0.18    0.19    0.20    0.21    0.22    0.23    0.25    0.27    0.28    0.31    0.33    0.36    0.38    0.42    0.45    0.49    0.53    0.58    0.63    0.68    0.74    0.81    0.88    0.95    1.03    1.12    1.21    1.31    1.41    1.52    1.64    1.76    1.90    2.04    2.18    2.34    2.50    2.67    2.85    3.03    3.23    3.43    3.63    3.85    4.07    4.30    4.53    4.77    5.02    5.27    5.53    5.79    6.06    6.33    6.60    6.88    7.16    7.44    7.72    8.00
         0        59       :    8.00    7.72    7.44    7.16    6.88    6.60    6.33    6.06    5.79    5.53    5.27    5.02    4.77    4.53    4.29    4.07    3.84    3.63    3.42    3.22    3.03    2.84    2.66    2.49    2.33    2.18    2.03    1.89    1.76    1.63    1.51    1.40    1.30    1.20    1.11    1.02    0.94    0.87    0.80    0.73    0.68    0.62    0.57    0.52    0.48    0.44    0.41    0.38    0.35    0.32    0.30    0.28    0.26    0.24    0.23    0.21    0.20    0.19    0.18    0.18    0.17    0.17    0.16    0.16    0.16    0.16    0.17    0.17    0.18    0.18    0.19    0.20    0.21    0.23    0.24    0.26    0.28    0.30    0.32    0.35    0.38    0.41    0.44    0.48    0.52    0.57    0.62    0.68    0.73    0.80    0.87    0.94    1.02    1.11    1.20    1.30    1.40    1.51    1.63    1.76    1.89    2.03    2.18    2.33    2.49    2.66    2.84    3.03    3.22    3.42    3.63    3.84    4.07    4.29    4.53    4.77    5.02    5.27    5.53    5.79    6.06    6.33    6.60    6.88    7.16    7.44    7.72    8.00
         0        60       :    8.00    7.72    7.44    7.16    6.88    6.60    6.33    6.06    5.79    5.53    5.27    5.02    4.77    4.53    4.29    4.06    3.84    3.63    3.42    3.22    3.02    2.84    2.66    2.49    2.33    2.17    2.02    1.89    1.75    1.63    1.51    1.40    1.29    1.19    1.10    1.02    0.94    0.86    0.79    0.73    0.67    0.61    0.56    0.52    0.48    0.44    0.40    0.37    0.34    0.31    0.29    0.27    0.25    0.23    0.22    0.21    0.19    0.18    0.18    0.17    0.16    0.16    0.16    0.16    0.16    0.16    0.16    0.16    0.17    0.18    0.18    0.19    0.21    0.22    0.23    0.25    0.27    0.29    0.31    0.34    0.37    0.40    0.44    0.48    0.52    0.56    0.61    0.67    0.73    0.79    0.86    0.94    1.02    1.10    1.19    1.29    1.40    1.51    1.63    1.75    1.89    2.02    2.17    2.33    2.49    2.66    2.84    3.02    3.22    3.42    3.63    3.84    4.06    4.29    4.53    4.77    5.02    5.27    5.53    5.79    6.06    6.33    6.60    6.88    7.16    7.44    7.72    8.00
         0        61       :    8.00    7.72    7.44    7.16    6.88    6.60    6.33    6.05    5.79    5.52    5.27    5.01    4.77    4.52    4.29    4.06    3.84    3.62    3.41    3.21    3.02    2.83    2.66    2.49    2.32    2.17    2.02    1.88    1.75    1.62    1.50    1.39    1.29    1.19    1.10    1.01    0.93    0.86    0.79    0.72    0.66    0.61    0.56    0.51    0.47    0.43    0.40    0.36    0.34    0.31    0.29    0.26    0.25    0.23    0.21    0.20    0.19    0.18    0.17    0.16    0.16    0.16    0.15    0.15    0.15    0.15    0.16    0.16    0.16    0.17    0.18    0.19    0.20    0.21    0.23    0.25    0.26    0.29    0.31    0.34    0.36    0.40    0.43    0.47    0.51    0.56    0.61    0.66    0.72    0.79    0.86    0.93    1.01    1.10    1.19    1.29    1.39    1.50    1.62    1.75    1.88    2.02    2.17    2.32    2.49    2.66    2.83    3.02    3.21    3.41    3.62    3.84    4.06    4.29    4.52    4.77    5.01    5.27    5.52    5.79    6.05    6.33    6.60    6.88    7.16    7.44    7.72    8.00
         0        62       :    8.00    7.72    7.44    7.15    6.88    6.60    6.32    6.05    5.79    5.52    5.26    5.01    4.76    4.52    4.29    4.06    3.84    3.62    3.41    3.21    3.02    2.83    2.65    2.48    2.32    2.17    2.02    1.88    1.75    1.62    1.50    1.39    1.28    1.19    1.09    1.01    0.93    0.85    0.78    0.72    0.66    0.61    0.56    0.51    0.47    0.43    0.39    0.36    0.33    0.31    0.28    0.26    0.24    0.22    0.21    0.20    0.19    0.18    0.17    0.16    0.16    0.15    0.15    0.15    0.15    0.15    0.15    0.16    0.16    0.17    0.18    0.19    0.20    0.21    0.22    0.24    0.26    0.28    0.31    0.33    0.36    0.39    0.43    0.47    0.51    0.56    0.61    0.66    0.72    0.78    0.85    0.93    1.01    1.09    1.19    1.28    1.39    1.50    1.62    1.75    1.88    2.02    2.17    2.32    2.48    2.65    2.83    3.02    3.21    3.41    3.62    3.84    4.06    4.29    4.52    4.76    5.01    5.26    5.52    5.79    6.05    6.32    6.60    6.88    7.15    7.44    7.72    8.00
         0        63       :    8.00    7.72    7.44    7.15    6.88    6.60    6.32    6.05    5.79    5.52    5.26    5.01    4.76    4.52    4.29    4.06    3.83    3.62    3.41    3.21    3.02    2.83    2.65    2.48    2.32    2.16    2.02    1.88    1.74    1.62    1.50    1.39    1.28    1.18    1.09    1.01    0.93    0.85    0.78    0.72    0.66    0.60    0.55    0.51    0.46    0.43    0.39    0.36    0.33    0.30    0.28    0.26    0.24    0.22    0.21    0.19    0.18    0.17    0.16    0.16    0.15    0.15    0.15    0.15    0.15    0.15    0.15    0.15    0.16    0.16    0.17    0.18    0.19    0.21    0.22    0.24    0.26    0.28    0.30    0.33    0.36    0.39    0.43    0.46    0.51    0.55    0.60    0.66    0.72    0.78    0.85    0.93    1.01    1.09    1.18    1.28    1.39    1.50    1.62    1.74    1.88    2.02    2.16    2.32    2.48    2.65    2.83    3.02    3.21    3.41    3.62    3.83    4.06    4.29    4.52    4.76    5.01    5.26    5.52    5.79    6.05    6.32    6.60    6.88    7.15    7.44    7.72    8.00
         0        64       :    8.00    7.72    7.44    7.15    6.87    6.60    6.32    6.05    5.78    5.52    5.26    5.01    4.76    4.52    4.28    4.06    3.83    3.62    3.41    3.21    3.02    2.83    2.65    2.48    2.32    2.16    2.02    1.87    1.74    1.62    1.50    1.39    1.28    1.18    1.09    1.00    0.92    0.85    0.78    0.72    0.66    0.60    0.55    0.51    0.46    0.42    0.39    0.36    0.33    0.30    0.28    0.26    0.24    0.22    0.21    0.19    0.18    0.17    0.16    0.16    0.15    0.15    0.15    0.14    0.14    0.15    0.15    0.15    0.16    0.16    0.17    0.18    0.19    0.21    0.22    0.24    0.26    0.28    0.30    0.33    0.36    0.39    0.42    0.46    0.51    0.55    0.60    0.66    0.72    0.78    0.85    0.92    1.00    1.09    1.18    1.28    1.39    1.50    1.62    1.74    1.87    2.02    2.16    2.32    2.48    2.65    2.83    3.02    3.21    3.41    3.62    3.83    4.06    4.28    4.52    4.76    5.01    5.26    5.52    5.78    6.05    6.32    6.60    6.87    7.15    7.44    7.72    8.00
         0        65       :    8.00    7.72    7.44    7.15    6.87    6.60    6.32    6.05    5.78    5.52    5.26    5.01    4.76    4.52    4.28    4.06    3.83    3.62    3.41    3.21    3.02    2.83    2.65    2.48    2.32    2.16    2.02    1.87    1.74    1.62    1.50    1.39    1.28    1.18    1.09    1.00    0.92    0.85    0.78    0.72    0.66    0.60    0.55    0.51    0.46    0.42    0.39    0.36    0.33    0.30    0.28    0.26    0.24    0.22    0.21    0.19    0.18    0.17    0.16    0.16    0.15    0.15    0.15    0.14    0.14    0.15    0.15    0.15    0.16    0.16    0.17    0.18    0.19    0.21    0.22    0.24    0.26    0.28    0.30    0.33    0.36    0.39    0.42    0.46    0.51    0.55    0.60    0.66    0.72    0.78    0.85    0.92    1.00    1.09    1.18    1.28    1.39    1.50    1.62    1.74    1.87    2.02    2.16    2.32    2.48    2.65    2.83    3.02    3.21    3.41    3.62    3.83    4.06    4.28    4.52    4.76    5.01    5.26    5.52    5.78    6.05    6.32    6.60    6.87    7.15    7.44    7.72    8.00
         0        66       :    8.00    7.72    7.44    7.15    6.88    6.60    6.32    6.05    5.79    5.52    5.26    5.01    4.76    4.52    4.29    4.06    3.83    3.62    3.41    3.21    3.02    2.83    2.65    2.48    2.32    2.16    2.02    1.88    1.74    1.62    1.50    1.39    1.28    1.18    1.09    1.01    0.93    0.85    0.78    0.72    0.66    0.60    0.55    0.51    0.46    0.43    0.39    0.36    0.33    0.30    0.28    0.26    0.24    0.22    0.21    0.19    0.18    0.17    0.16    0.16    0.15    0.15    0.15    0.15    0.15    0.15    0.15    0.15    0.16    0.16    0.17    0.18    0.19    0.21    0.22    0.24    0.26    0.28    0.30    0.33    0.36    0.39    0.43    0.46    0.51    0.55    0.60    0.66    0.72    0.78    0.85    0.93    1.01    1.09    1.18    1.28    1.39    1.50    1.62    1.74    1.88    2.02    2.16    2.32    2.48    2.65    2.83    3.02    3.21    3.41    3.62    3.83    4.06    4.29    4.52    4.76    5.01    5.26    5.52    5.79    6.05    6.32    6.60    6.88    7.15    7.44    7.72    8.00
         0        67       :    8.00    7.72    7.44    7.15    6.88    6.60    6.32    6.05    5.79    5.52    5.26    5.01    4.76    4.52    4.29    4.06    3.84    3.62    3.41    3.21    3.02    2.83    2.65    2.48    2.32    2.17    2.02    1.88    1.75    1.62    1.50    1.39    1.28    1.19    1.09    1.01    0.93    0.85    0.78    0.72    0.66    0.61    0.56    0.51    0.47    0.43    0.39    0.36    0.33    0.31    0.28    0.26    0.24    0.22    0.21    0.20    0.19    0.18    0.17    0.16    0.16    0.15    0.15    0.15    0.15    0.15    0.15    0.16    0.16    0.17    0.18    0.19    0.20    0.21    0.22    0.24    0.26    0.28    0.31    0.33    0.36    0.39    0.43    0.47    0.51    0.56    0.61    0.66    0.72    0.78    0.85    0.93    1.01    1.09    1.19    1.28    1.39    1.50    1.62    1.75    1.88    2.02    2.17    2.32    2.48    2.65    2.83    3.02    3.21    3.41    3.62    3.84    4.06    4.29    4.52    4.76    5.01    5.26    5.52    5.79    6.05    6.32    6.60    6.88    7.15    7.44    7.72    8.00
         0        68       :    8.00    7.72    7.44    7.16    6.88    6.60    6.33    6.05    5.79    5.52    5.27    5.01    4.77    4.52    4.29    4.06    3.84    3.62    3.41    3.21    3.02    2.83    2.66    2.49    2.32    2.17    2.02    1.88    1.75    1.62    1.50    1.39    1.29    1.19    1.10    1.01    0.93    0.86    0.79    0.72    0.66    0.61    0.56    0.51    0.47    0.43    0.40    0.36    0.34    0.31    0.29    0.26    0.25    0.23    0.21    0.20    0.19    0.18    0.17    0.16    0.16    0.16    0.15    0.15    0.15    0.15    0.16    0.16    0.16    0.17    0.18    0.19    0.20    0.21    0.23    0.25    0.26    0.29    0.31    0.34    0.36    0.40    0.43    0.47    0.51    0.56    0.61    0.66    0.72    0.79    0.86    0.93    1.01    1.10    1.19    1.29    1.39    1.50    1.62    1.75    1.88    2.02    2.17    2.32    2.49    2.66    2.83    3.02    3.21    3.41    3.62    3.84    4.06    4.29    4.52    4.77    5.01    5.27    5.52    5.79    6.05    6.33    6.60    6.88    7.16    7.44    7.72    8.00
         0        69       :    8.00    7.72    7.44    7.16    6.88    6.60    6.33    6.06    5.79    5.53    5.27    5.02    4.77    4.53    4.29    4.06    3.84    3.63    3.42    3.22    3.02    2.84    2.66    2.49    2.33    2.17    2.02    1.89    1.75    1.63    1.51    1.40    1.29    1.19    1.10    1.02    0.94    0.86    0.79    0.73    0.67    0.61    0.56    0.52    0.48    0.44    0.40    0.37    0.34    0.31    0.29    0.27    0.25    0.23    0.22    0.21    0.19    0.18    0.18    0.17    0.16    0.16    0.16    0.16    0.16    0.16    0.16    0.16    0.17    0.18    0.18    0.19    0.21    0.22    0.23    0.25    0.27    0.29    0.31    0.34    0.37    0.40    0.44    0.48    0.52    0.56    0.61    0.67    0.73    0.79    0.86    0.94    1.02    1.10    1.19    1.29    1.40    1.51    1.63    1.75    1.89    2.02    2.17    2.33    2.49    2.66    2.84    3.02    3.22    3.42    3.63    3.84    4.06    4.29    4.53    4.77    5.02    5.27    5.53    5.79    6.06    6.33    6.60    6.88    7.16    7.44    7.72    8.00
         0        70       :    8.00    7.72    7.44    7.16    6.88    6.60    6.33    6.06    5.79    5.53    5.27    5.02    4.77    4.53    4.29    4.07    3.84    3.63    3.42    3.22    3.03    2.84    2.66    2.49    2.33    2.18    2.03    1.89    1.76    1.63    1.51    1.40    1.30    1.20    1.11    1.02    0.94    0.87    0.80    0.73    0.68    0.62    0.57    0.52    0.48    0.44    0.41    0.38    0.35    0.32    0.30    0.28    0.26    0.24    0.23    0.21    0.20    0.19    0.18    0.18    0.17    0.17    0.16    0.16    0.16    0.16    0.17    0.17    0.18    0.18    0.19    0.20    0.21    0.23    0.24    0.26    0.28    0.30    0.32    0.35    0.38    0.41    0.44    0.48    0.52    0.57    0.62    0.68    0.73    0.80    0.87    0.94    1.02    1.11    1.20    1.30    1.40    1.51    1.63    1.76    1.89    2.03    2.18    2.33    2.49    2.66    2.84    3.03    3.22    3.42    3.63    3.84    4.07    4.29    4.53    4.77    5.02    5.27    5.53    5.79    6.06    6.33    6.60    6.88    7.16    7.44    7.72    8.00
         0        71       :    8.00    7.72    7.44    7.16    6.88    6.60    6.33    6.06    5.79    5.53    5.27    5.02    4.77    4.53    4.30    4.07    3.85    3.63    3.43    3.23    3.03    2.85    2.67    2.50    2.34    2.18    2.04    1.90    1.76    1.64    1.52    1.41    1.31    1.21    1.12    1.03    0.95    0.88    0.81    0.74    0.68    0.63    0.58    0.53    0.49    0.45    0.42    0.38    0.36    0.33    0.31    0.28    0.27    0.25    0.23    0.22    0.21    0.20    0.19    0.18    0.18    0.18    0.17    0.17    0.17    0.17    0.18    0.18    0.18    0.19    0.20    0.21    0.22    0.23    0.25    0.27    0.28    0.31    0.33    0.36    0.38    0.42    0.45    0.49    0.53    0.58    0.63    0.68    0.74    0.81    0.88    0.95    1.03    1.12    1.21    1.31    1.41    1.52    1.64    1.76    1.90    2.04    2.18    2.34    2.50    2.67    2.85    3.03    3.23    3.43    3.63    3.85    4.07    4.30    4.53    4.77    5.02    5.27    5.53    5.79    6.06    6.33    6.60    6.88    7.16    7.44    7.72    8.00
         0        72       :    8.00    7.72    7.44    7.16    6.88    6.60    6.33    6.06    5.80    5.53    5.28    5.02    4.78    4.54    4.30    4.07    3.85    3.64    3.43    3.23    3.04    2.85    2.68    2.51    2.35    2.19    2.04    1.90    1.77    1.65    1.53    1.42    1.31    1.22    1.12    1.04    0.96    0.88    0.82    0.75    0.69    0.64    0.59    0.54    0.50    0.46    0.43    0.39    0.36    0.34    0.31    0.29    0.27    0.26    0.24    0.23    0.22    0.21    0.20    0.19    0.19    0.19    0.18    0.18    0.18    0.18    0.19    0.19    0.19    0.20    0.21    0.22    0.23    0.24    0.26    0.27    0.29    0.31    0.34    0.36    0.39    0.43    0.46    0.50    0.54    0.59    0.64    0.69    0.75    0.82    0.88    0.96    1.04    1.12    1.22    1.31    1.42    1.53    1.65    1.77    1.90    2.04    2.19    2.35    2.51    2.68    2.85    3.04    3.23    3.43    3.64    3.85    4.07    4.30    4.54    4.78    5.02    5.28    5.53    5.80    6.06    6.33    6.60    6.88    7.16    7.44    7.72    8.00
         0        73       :    8.00    7.72    7.44    7.16    6.88    6.61    6.33    6.06    5.80    5.54    5.28    5.03    4.78    4.54    4.31    4.08    3.86    3.65    3.44    3.24    3.05    2.86    2.68    2.52    2.35    2.20    2.05    1.91    1.78    1.66    1.54    1.43    1.32    1.23    1.13    1.05    0.97    0.89    0.83    0.76    0.70    0.65    0.60    0.55    0.51    0.47    0.44    0.40    0.38    0.35    0.33    0.30    0.29    0.27    0.25    0.24    0.23    0.22    0.21    0.21    0.20    0.20    0.19    0.19    0.19    0.19    0.20    0.20    0.21    0.21    0.22    0.23    0.24    0.25    0.27    0.29    0.30    0.33    0.35    0.38    0.40    0.44    0.47    0.51    0.55    0.60    0.65    0.70    0.76    0.83    0.89    0.97    1.05    1.13    1.23    1.32    1.43    1.54    1.66    1.78    1.91    2.05    2.20    2.35    2.52    2.68    2.86    3.05    3.24    3.44    3.65    3.86    4.08    4.31    4.54    4.78    5.03    5.28    5.54    5.80    6.06    6.33    6.61    6.88    7.16    7.44    7.72    8.00
         0        74       :    8.00    7.72    7.44    7.16    6.88    6.61    6.34    6.07    5.80    5.54    5.29    5.03    4.79    4.55    4.31    4.09    3.87    3.65    3.45    3.25    3.05    2.87    2.69    2.52    2.36    2.21    2.06    1.92    1.79    1.67    1.55    1.44    1.33    1.24    1.15    1.06    0.98    0.91    0.84    0.77    0.72    0.66    0.61    0.56    0.52    0.48    0.45    0.42    0.39    0.36    0.34    0.32    0.30    0.28    0.27    0.25    0.24    0.23    0.23    0.22    0.21    0.21    0.21    0.21    0.21    0.21    0.21    0.21    0.22    0.23    0.23    0.24    0.25    0.27    0.28    0.30    0.32    0.34    0.36    0.39    0.42    0.45    0.48    0.52    0.56    0.61    0.66    0.72    0.77    0.84    0.91    0.98    1.06    1.15    1.24    1.33    1.44    1.55    1.67    1.79    1.92    2.06    2.21    2.36    2.52    2.69    2.87    3.05    3.25    3.45    3.65    3.87    4.09    4.31    4.55    4.79    5.03    5.29    5.54    5.80    6.07    6.34    6.61    6.88    7.16    7.44    7.72    8.00
         0        75       :    8.00    7.72    7.44    7.16    6.89    6.61    6.34    6.07    5.81    5.55    5.29    5.04    4.79    4.55    4.32    4.09    3.87    3.66    3.45    3.26    3.06    2.88    2.70    2.53    2.37    2.22    2.07    1.93    1.80    1.68    1.56    1.45    1.35    1.25    1.16    1.07    0.99    0.92    0.85    0.79    0.73    0.67    0.62    0.58    0.54    0.50    0.46    0.43    0.40    0.38    0.35    0.33    0.31    0.30    0.28    0.27    0.26    0.25    0.24    0.23    0.23    0.22    0.22    0.22    0.22    0.22    0.22    0.23    0.23    0.24    0.25    0.26    0.27    0.28    0.30    0.31    0.33    0.35    0.38    0.40    0.43    0.46    0.50    0.54    0.58    0.62    0.67    0.73    0.79    0.85    0.92    0.99    1.07    1.16    1.25    1.35    1.45    1.56    1.68    1.80    1.93    2.07    2.22    2.37    2.53    2.70    2.88    3.06    3.26    3.45    3.66    3.87    4.09    4.32    4.55    4.79    5.04    5.29    5.55    5.81    6.07    6.34    6.61    6.89    7.16    7.44    7.72    8.00
         0        76       :    8.00    7.72    7.44    7.16    6.89    6.61    6.34    6.08    5.81    5.55    5.30    5.05    4.80    4.56    4.33    4.10    3.88    3.67    3.46    3.27    3.07    2.89    2.72    2.55    2.39    2.23    2.09    1.95    1.82    1.69    1.58    1.47    1.36    1.26    1.17    1.09    1.01    0.94    0.87    0.80    0.74    0.69    0.64    0.60    0.55    0.51    0.48    0.45    0.42    0.39    0.37    0.35    0.33    0.31    0.30    0.29    0.27    0.27    0.26    0.25    0.25    0.24    0.24    0.24    0.24    0.24    0.24    0.25    0.25    0.26    0.27    0.27    0.29    0.30    0.31    0.33    0.35    0.37    0.39    0.42    0.45    0.48    0.51    0.55    0.60    0.64    0.69    0.74    0.80    0.87    0.94    1.01    1.09    1.17    1.26    1.36    1.47    1.58    1.69    1.82    1.95    2.09    2.23    2.39    2.55    2.72    2.89    3.07    3.27    3.46    3.67    3.88    4.10    4.33    4.56    4.80    5.05    5.30    5.55    5.81    6.08    6.34    6.61    6.89    7.16    7.44    7.72    8.00
         0        77       :    8.00    7.72    7.44    7.17    6.89    6.62    6.35    6.08    5.82    5.56    5.30    5.05    4.81    4.57    4.34    4.11    3.89    3.68    3.48    3.28    3.09    2.90    2.73    2.56    2.40    2.25    2.10    1.96    1.83    1.71    1.59    1.48    1.38    1.28    1.19    1.11    1.03    0.95    0.88    0.82    0.76    0.71    0.66    0.61    0.57    0.53    0.50    0.47    0.44    0.41    0.39    0.37    0.35    0.33    0.32    0.30    0.29    0.28    0.28    0.27    0.26    0.26    0.26    0.26    0.26    0.26    0.26    0.26    0.27    0.28    0.28    0.29    0.30    0.32    0.33    0.35    0.37    0.39    0.41    0.44    0.47    0.50    0.53    0.57    0.61    0.66    0.71    0.76    0.82    0.88    0.95    1.03    1.11    1.19    1.28    1.38    1.48    1.59    1.71    1.83    1.96    2.10    2.25    2.40    2.56    2.73    2.90    3.09    3.28    3.48    3.68    3.89    4.11    4.34    4.57    4.81    5.05    5.30    5.56    5.82    6.08    6.35    6.62    6.89    7.17    7.44    7.72    8.00
         0        78       :    8.00    7.72    7.44    7.17    6.89    6.62    6.35    6.09    5.82    5.56    5.31    5.06    4.82    4.58    4.35    4.12    3.90    3.69    3.49    3.29    3.10    2.92    2.74    2.57    2.41    2.26    2.12    1.98    1.85    1.73    1.61    1.50    1.40    1.30    1.21    1.12    1.05    0.97    0.90    0.84    0.78    0.73    0.68    0.63    0.59    0.55    0.52    0.49    0.46    0.43    0.41    0.39    0.37    0.35    0.34    0.33    0.31    0.31    0.30    0.29    0.29    0.28    0.28    0.28    0.28    0.28    0.28    0.29    0.29    0.30    0.31    0.31    0.33    0.34    0.35    0.37    0.39    0.41    0.43    0.46    0.49    0.52    0.55    0.59    0.63    0.68    0.73    0.78    0.84    0.90    0.97    1.05    1.12    1.21    1.30    1.40    1.50    1.61    1.73    1.85    1.98    2.12    2.26    2.41    2.57    2.74    2.92    3.10    3.29    3.49    3.69    3.90    4.12    4.35    4.58    4.82    5.06    5.31    5.56    5.82    6.09    6.35    6.62    6.89    7.17    7.44    7.72    8.00
         0        79       :    8.00    7.72    7.45    7.17    6.90    6.63    6.36    6.09    5.83    5.57    5.32    5.07    4.83    4.59    4.36    4.13    3.92    3.71    3.50    3.30    3.12    2.93    2.76    2.59    2.43    2.28    2.14    2.00    1.87    1.74    1.63    1.52    1.42    1.32    1.23    1.15    1.07    0.99    0.93    0.86    0.80    0.75    0.70    0.66    0.61    0.58    0.54    0.51    0.48    0.46    0.43    0.41    0.39    0.38    0.36    0.35    0.34    0.33    0.32    0.31    0.31    0.31    0.30    0.30    0.30    0.30    0.31    0.31    0.31    0.32    0.33    0.34    0.35    0.36    0.38    0.39    0.41    0.43    0.46    0.48    0.51    0.54    0.58    0.61    0.66    0.70    0.75    0.80    0.86    0.93    0.99    1.07    1.15    1.23    1.32    1.42    1.52    1.63    1.74    1.87    2.00    2.14    2.28    2.43    2.59    2.76    2.93    3.12    3.30    3.50    3.71    3.92    4.13    4.36    4.59    4.83    5.07    5.32    5.57    5.83    6.09    6.36    6.63    6.90    7.17    7.45    7.72    8.00
         0        80       :    8.00    7.72    7.45    7.17    6.90    6.63    6.36    6.10    5.84    5.58    5.33    5.08    4.84    4.60    4.37    4.15    3.93    3.72    3.52    3.32    3.13    2.95    2.78    2.61    2.45    2.30    2.16    2.02    1.89    1.77    1.65    1.54    1.44    1.34    1.25    1.17    1.09    1.02    0.95    0.89    0.83    0.78    0.73    0.68    0.64    0.60    0.57    0.54    0.51    0.48    0.46    0.44    0.42    0.40    0.39    0.38    0.36    0.36    0.35    0.34    0.34    0.33    0.33    0.33    0.33    0.33    0.33    0.34    0.34    0.35    0.36    0.36    0.38    0.39    0.40    0.42    0.44    0.46    0.48    0.51    0.54    0.57    0.60    0.64    0.68    0.73    0.78    0.83    0.89    0.95    1.02    1.09    1.17    1.25    1.34    1.44    1.54    1.65    1.77    1.89    2.02    2.16    2.30    2.45    2.61    2.78    2.95    3.13    3.32    3.52    3.72    3.93    4.15    4.37    4.60    4.84    5.08    5.33    5.58    5.84    6.10    6.36    6.63    6.90    7.17    7.45    7.72    8.00
         0        81       :    8.00    7.72    7.45    7.18    6.91    6.64    6.37    6.11    5.85    5.59    5.34    5.09    4.85    4.62    4.39    4.16    3.95    3.74    3.53    3.34    3.15    2.97    2.80    2.63    2.47    2.32    2.18    2.04    1.91    1.79    1.67    1.57    1.46    1.37    1.28    1.19    1.12    1.04    0.98    0.91    0.86    0.80    0.75    0.71    0.67    0.63    0.60    0.56    0.54    0.51    0.49    0.47    0.45    0.43    0.42    0.40    0.39    0.38    0.38    0.37    0.36    0.36    0.36    0.36    0.36    0.36    0.36    0.36    0.37    0.38    0.38    0.39    0.40    0.42    0.43    0.45    0.47    0.49    0.51    0.54    0.56    0.60    0.63    0.67    0.71    0.75    0.80    0.86    0.91    0.98    1.04    1.12    1.19    1.28    1.37    1.46    1.57    1.67    1.79    1.91    2.04    2.18    2.32    2.47    2.63    2.80    2.97    3.15    3.34    3.53    3.74    3.95    4.16    4.39    4.62    4.85    5.09    5.34    5.59    5.85    6.11    6.37    6.64    6.91    7.18    7.45    7.72    8.00
         0        82       :    8.00    7.73    7.45    7.18    6.91    6.64    6.38    6.11    5.85    5.60    5.35    5.10    4.86    4.63    4.40    4.18    3.96    3.75    3.55    3.36    3.17    2.99    2.82    2.65    2.50    2.35    2.20    2.07    1.94    1.82    1.70    1.59    1.49    1.40    1.31    1.22    1.15    1.07    1.01    0.94    0.89    0.83    0.78    0.74    0.70    0.66    0.63    0.60    0.57    0.54    0.52    0.50    0.48    0.46    0.45    0.44    0.43    0.42    0.41    0.40    0.40    0.39    0.39    0.39    0.39    0.39    0.39    0.40    0.40    0.41    0.42    0.43    0.44    0.45    0.46    0.48    0.50    0.52    0.54    0.57    0.60    0.63    0.66    0.70    0.74    0.78    0.83    0.89    0.94    1.01    1.07    1.15    1.22    1.31    1.40    1.49    1.59    1.70    1.82    1.94    2.07    2.20    2.35    2.50    2.65    2.82    2.99    3.17    3.36    3.55    3.75    3.96    4.18    4.40    4.63    4.86    5.10    5.35    5.60    5.85    6.11    6.38    6.64    6.91    7.18    7.45    7.73    8.00
         0        83       :    8.00    7.73    7.46    7.18    6.92    6.65    6.38    6.12    5.86    5.61    5.36    5.12    4.88    4.64    4.42    4.20    3.98    3.77    3.57    3.38    3.19    3.01    2.84    2.68    2.52    2.37    2.23    2.09    1.97    1.84    1.73    1.62    1.52    1.43    1.34    1.25    1.18    1.11    1.04    0.98    0.92    0.87    0.82    0.77    0.73    0.70    0.66    0.63    0.60    0.58    0.55    0.53    0.51    0.50    0.48    0.47    0.46    0.45    0.44    0.44    0.43    0.43    0.43    0.42    0.42    0.43    0.43    0.43    0.44    0.44    0.45    0.46    0.47    0.48    0.50    0.51    0.53    0.55    0.58    0.60    0.63    0.66    0.70    0.73    0.77    0.82    0.87    0.92    0.98    1.04    1.11    1.18    1.25    1.34    1.43    1.52    1.62    1.73    1.84    1.97    2.09    2.23    2.37    2.52    2.68    2.84    3.01    3.19    3.38    3.57    3.77    3.98    4.20    4.42    4.64    4.88    5.12    5.36    5.61    5.86    6.12    6.38    6.65    6.92    7.18    7.46    7.73    8.00
         0        84       :    8.00    7.73    7.46    7.19    6.92    6.65    6.39    6.13    5.88    5.62    5.37    5.13    4.89    4.66    4.44    4.22    4.00    3.80    3.60    3.40    3.22    3.04    2.87    2.71    2.55    2.40    2.26    2.12    2.00    1.88    1.76    1.66    1.55    1.46    1.37    1.29    1.21    1.14    1.07    1.01    0.96    0.90    0.86    0.81    0.77    0.73    0.70    0.67    0.64    0.61    0.59    0.57    0.55    0.54    0.52    0.51    0.50    0.49    0.48    0.48    0.47    0.47    0.46    0.46    0.46    0.46    0.47    0.47    0.48    0.48    0.49    0.50    0.51    0.52    0.54    0.55    0.57    0.59    0.61    0.64    0.67    0.70    0.73    0.77    0.81    0.86    0.90    0.96    1.01    1.07    1.14    1.21    1.29    1.37    1.46    1.55    1.66    1.76    1.88    2.00    2.12    2.26    2.40    2.55    2.71    2.87    3.04    3.22    3.40    3.60    3.80    4.00    4.22    4.44    4.66    4.89    5.13    5.37    5.62    5.88    6.13    6.39    6.65    6.92    7.19    7.46    7.73    8.00
         0        85       :    8.00    7.73    7.46    7.19    6.93    6.66    6.40    6.14    5.89    5.64    5.39    5.15    4.91    4.68    4.46    4.24    4.03    3.82    3.62    3.43    3.25    3.07    2.90    2.74    2.58    2.43    2.29    2.16    2.03    1.91    1.80    1.69    1.59    1.50    1.41    1.33    1.25    1.18    1.11    1.05    1.00    0.94    0.90    0.85    0.81    0.77    0.74    0.71    0.68    0.66    0.63    0.61    0.60    0.58    0.56    0.55    0.54    0.53    0.52    0.52    0.51    0.51    0.51    0.51    0.51    0.51    0.51    0.51    0.52    0.52    0.53    0.54    0.55    0.56    0.58    0.60    0.61    0.63    0.66    0.68    0.71    0.74    0.77    0.81    0.85    0.90    0.94    1.00    1.05    1.11    1.18    1.25    1.33    1.41    1.50    1.59    1.69    1.80    1.91    2.03    2.16    2.29    2.43    2.58    2.74    2.90    3.07    3.25    3.43    3.62    3.82    4.03    4.24    4.46    4.68    4.91    5.15    5.39    5.64    5.89    6.14    6.40    6.66    6.93    7.19    7.46    7.73    8.00
         0        86       :    8.00    7.73    7.46    7.20    6.93    6.67    6.41    6.15    5.90    5.65    5.41    5.17    4.93    4.70    4.48    4.26    4.05    3.85    3.65    3.46    3.27    3.10    2.93    2.77    2.61    2.47    2.33    2.19    2.07    1.95    1.84    1.73    1.63    1.54    1.45    1.37    1.29    1.22    1.16    1.10    1.04    0.99    0.94    0.90    0.86    0.82    0.78    0.75    0.73    0.70    0.68    0.66    0.64    0.62    0.61    0.60    0.59    0.58    0.57    0.56    0.56    0.56    0.55    0.55    0.55    0.55    0.56    0.56    0.56    0.57    0.58    0.59    0.60    0.61    0.62    0.64    0.66    0.68    0.70    0.73    0.75    0.78    0.82    0.86    0.90    0.94    0.99    1.04    1.10    1.16    1.22    1.29    1.37    1.45    1.54    1.63    1.73    1.84    1.95    2.07    2.19    2.33    2.47    2.61    2.77    2.93    3.10    3.27    3.46    3.65    3.85    4.05    4.26    4.48    4.70    4.93    5.17    5.41    5.65    5.90    6.15    6.41    6.67    6.93    7.20    7.46    7.73    8.00
         0        87       :    8.00    7.73    7.47    7.20    6.94    6.68    6.42    6.17    5.91    5.67    5.42    5.18    4.95    4.72    4.50    4.29    4.08    3.87    3.68    3.49    3.31    3.13    2.96    2.80    2.65    2.50    2.36    2.23    2.11    1.99    1.88    1.77    1.67    1.58    1.49    1.41    1.34    1.27    1.20    1.14    1.09    1.03    0.99    0.94    0.90    0.87    0.83    0.80    0.78    0.75    0.73    0.71    0.69    0.67    0.66    0.65    0.64    0.63    0.62    0.61    0.61    0.61    0.60    0.60    0.60    0.60    0.61    0.61    0.61    0.62    0.63    0.64    0.65    0.66    0.67    0.69    0.71    0.73    0.75    0.78    0.80    0.83    0.87    0.90    0.94    0.99    1.03    1.09    1.14    1.20    1.27    1.34    1.41    1.49    1.58    1.67    1.77    1.88    1.99    2.11    2.23    2.36    2.50    2.65    2.80    2.96    3.13    3.31    3.49    3.68    3.87    4.08    4.29    4.50    4.72    4.95    5.18    5.42    5.67    5.91    6.17    6.42    6.68    6.94    7.20    7.47    7.73    8.00
         0        88       :    8.00    7.74    7.47    7.21    6.95    6.69    6.43    6.18    5.93    5.68    5.44    5.21    4.97    4.75    4.53    4.31    4.11    3.90    3.71    3.52    3.34    3.17    3.00    2.84    2.69    2.54    2.41    2.28    2.15    2.03    1.92    1.82    1.72    1.63    1.54    1.46    1.39    1.32    1.25    1.19    1.14    1.09    1.04    1.00    0.96    0.92    0.89    0.86    0.83    0.80    0.78    0.76    0.74    0.73    0.72    0.70    0.69    0.68    0.68    0.67    0.66    0.66    0.66    0.66    0.66    0.66    0.66    0.66    0.67    0.68    0.68    0.69    0.70    0.72    0.73    0.74    0.76    0.78    0.80    0.83    0.86    0.89    0.92    0.96    1.00    1.04    1.09    1.14    1.19    1.25    1.32    1.39    1.46    1.54    1.63    1.72    1.82    1.92    2.03    2.15    2.28    2.41    2.54    2.69    2.84    3.00    3.17    3.34    3.52    3.71    3.90    4.11    4.31    4.53    4.75    4.97    5.21    5.44    5.68    5.93    6.18    6.43    6.69    6.95    7.21    7.47    7.74    8.00
         0        89       :    8.00    7.74    7.48    7.22    6.96    6.70    6.45    6.19    5.95    5.70    5.46    5.23    5.00    4.77    4.56    4.34    4.14    3.94    3.74    3.56    3.38    3.21    3.04    2.88    2.73    2.59    2.45    2.32    2.20    2.08    1.97    1.87    1.77    1.68    1.59    1.51    1.44    1.37    1.31    1.25    1.19    1.14    1.10    1.05    1.01    0.98    0.94    0.91    0.89    0.86    0.84    0.82    0.80    0.79    0.77    0.76    0.75    0.74    0.73    0.73    0.72    0.72    0.72    0.72    0.72    0.72    0.72    0.72    0.73    0.73    0.74    0.75    0.76    0.77    0.79    0.80    0.82    0.84    0.86    0.89    0.91    0.94    0.98    1.01    1.05    1.10    1.14    1.19    1.25    1.31    1.37    1.44    1.51    1.59    1.68    1.77    1.87    1.97    2.08    2.20    2.32    2.45    2.59    2.73    2.88    3.04    3.21    3.38    3.56    3.74    3.94    4.14    4.34    4.56    4.77    5.00    5.23    5.46    5.70    5.95    6.19    6.45    6.70    6.96    7.22    7.48    7.74    8.00
         0        90       :    8.00    7.74    7.48    7.22    6.97    6.71    6.46    6.21    5.96    5.72    5.49    5.25    5.03    4.80    4.59    4.38    4.17    3.97    3.78    3.60    3.42    3.25    3.09    2.93    2.78    2.64    2.50    2.37    2.25    2.13    2.03    1.92    1.83    1.74    1.65    1.57    1.50    1.43    1.37    1.31    1.25    1.20    1.16    1.11    1.07    1.04    1.01    0.98    0.95    0.93    0.90    0.88    0.87    0.85    0.84    0.83    0.82    0.81    0.80    0.79    0.79    0.78    0.78    0.78    0.78    0.78    0.78    0.79    0.79    0.80    0.81    0.82    0.83    0.84    0.85    0.87    0.88    0.90    0.93    0.95    0.98    1.01    1.04    1.07    1.11    1.16    1.20    1.25    1.31    1.37    1.43    1.50    1.57    1.65    1.74    1.83    1.92    2.03    2.13    2.25    2.37    2.50    2.64    2.78    2.93    3.09    3.25    3.42    3.60    3.78    3.97    4.17    4.38    4.59    4.80    5.03    5.25    5.49    5.72    5.96    6.21    6.46    6.71    6.97    7.22    7.48    7.74    8.00
         0        91       :    8.00    7.74    7.49    7.23    6.98    6.72    6.47    6.23    5.98    5.74    5.51    5.28    5.05    4.83    4.62    4.41    4.21    4.01    3.82    3.64    3.46    3.29    3.13    2.98    2.83    2.69    2.55    2.43    2.30    2.19    2.08    1.98    1.89    1.80    1.71    1.63    1.56    1.49    1.43    1.37    1.32    1.27    1.22    1.18    1.14    1.11    1.07    1.04    1.02    0.99    0.97    0.95    0.94    0.92    0.91    0.89    0.88    0.88    0.87    0.86    0.86    0.85    0.85    0.85    0.85    0.85    0.85    0.86    0.86    0.87    0.88    0.88    0.89    0.91    0.92    0.94    0.95    0.97    0.99    1.02    1.04    1.07    1.11    1.14    1.18    1.22    1.27    1.32    1.37    1.43    1.49    1.56    1.63    1.71    1.80    1.89    1.98    2.08    2.19    2.30    2.43    2.55    2.69    2.83    2.98    3.13    3.29    3.46    3.64    3.82    4.01    4.21    4.41    4.62    4.83    5.05    5.28    5.51    5.74    5.98    6.23    6.47    6.72    6.98    7.23    7.49    7.74    8.00
         0        92       :    8.00    7.75    7.49    7.24    6.99    6.74    6.49    6.25    6.01    5.77    5.54    5.31    5.08    4.87    4.65    4.45    4.25    4.05    3.87    3.69    3.51    3.34    3.18    3.03    2.88    2.74    2.61    2.48    2.36    2.25    2.14    2.04    1.95    1.86    1.78    1.70    1.63    1.56    1.50    1.44    1.39    1.34    1.29    1.25    1.21    1.18    1.15    1.12    1.09    1.07    1.05    1.03    1.01    0.99    0.98    0.97    0.96    0.95    0.94    0.94    0.93    0.93    0.93    0.92    0.92    0.93    0.93    0.93    0.94    0.94    0.95    0.96    0.97    0.98    0.99    1.01    1.03    1.05    1.07    1.09    1.12    1.15    1.18    1.21    1.25    1.29    1.34    1.39    1.44    1.50    1.56    1.63    1.70    1.78    1.86    1.95    2.04    2.14    2.25    2.36    2.48    2.61    2.74    2.88    3.03    3.18    3.34    3.51    3.69    3.87    4.05    4.25    4.45    4.65    4.87    5.08    5.31    5.54    5.77    6.01    6.25    6.49    6.74    6.99    7.24    7.49    7.75    8.00
         0        93       :    8.00    7.75    7.50    7.25    7.00    6.75    6.51    6.27    6.03    5.79    5.56    5.34    5.12    4.90    4.69    4.49    4.29    4.10    3.91    3.73    3.56    3.40    3.24    3.09    2.94    2.80    2.67    2.55    2.43    2.32    2.21    2.11    2.02    1.93    1.85    1.77    1.70    1.63    1.57    1.51    1.46    1.41    1.37    1.33    1.29    1.25    1.22    1.19    1.17    1.15    1.12    1.11    1.09    1.07    1.06    1.05    1.04    1.03    1.02    1.02    1.01    1.01    1.01    1.00    1.00    1.01    1.01    1.01    1.02    1.02    1.03    1.04    1.05    1.06    1.07    1.09    1.11    1.12    1.15    1.17    1.19    1.22    1.25    1.29    1.33    1.37    1.41    1.46    1.51    1.57    1.63    1.70    1.77    1.85    1.93    2.02    2.11    2.21    2.32    2.43    2.55    2.67    2.80    2.94    3.09    3.24    3.40    3.56    3.73    3.91    4.10    4.29    4.49    4.69    4.90    5.12    5.34    5.56    5.79    6.03    6.27    6.51    6.75    7.00    7.25    7.50    7.75    8.00
         0        94       :    8.00    7.75    7.50    7.26    7.01    6.77    6.53    6.29    6.05    5.82    5.59    5.37    5.15    4.94    4.73    4.53    4.34    4.15    3.96    3.79    3.62    3.45    3.30    3.15    3.00    2.87    2.74    2.61    2.50    2.39    2.28    2.18    2.09    2.00    1.92    1.85    1.78    1.71    1.65    1.59    1.54    1.49    1.45    1.41    1.37    1.34    1.31    1.28    1.25    1.23    1.21    1.19    1.17    1.16    1.15    1.13    1.12    1.12    1.11    1.10    1.10    1.09    1.09    1.09    1.09    1.09    1.09    1.10    1.10    1.11    1.12    1.12    1.13    1.15    1.16    1.17    1.19    1.21    1.23    1.25    1.28    1.31    1.34    1.37    1.41    1.45    1.49    1.54    1.59    1.65    1.71    1.78    1.85    1.92    2.00    2.09    2.18    2.28    2.39    2.50    2.61    2.74    2.87    3.00    3.15    3.30    3.45    3.62    3.79    3.96    4.15    4.34    4.53    4.73    4.94    5.15    5.37    5.59    5.82    6.05    6.29    6.53    6.77    7.01    7.26    7.50    7.75    8.00
         0        95       :    8.00    7.75    7.51    7.27    7.02    6.78    6.55    6.31    6.08    5.85    5.63    5.41    5.19    4.98    4.78    4.58    4.38    4.20    4.02    3.84    3.67    3.51    3.36    3.21    3.07    2.94    2.81    2.69    2.57    2.46    2.36    2.26    2.17    2.08    2.00    1.93    1.86    1.80    1.74    1.68    1.63    1.58    1.54    1.50    1.46    1.43    1.40    1.37    1.34    1.32    1.30    1.28    1.26    1.25    1.24    1.23    1.22    1.21    1.20    1.19    1.19    1.19    1.18    1.18    1.18    1.18    1.19    1.19    1.19    1.20    1.21    1.22    1.23    1.24    1.25    1.26    1.28    1.30    1.32    1.34    1.37    1.40    1.43    1.46    1.50    1.54    1.58    1.63    1.68    1.74    1.80    1.86    1.93    2.00    2.08    2.17    2.26    2.36    2.46    2.57    2.69    2.81    2.94    3.07    3.21    3.36    3.51    3.67    3.84    4.02    4.20    4.38    4.58    4.78    4.98    5.19    5.41    5.63    5.85    6.08    6.31    6.55    6.78    7.02    7.27    7.51    7.75    8.00
         0        96       :    8.00    7.76    7.52    7.28    7.04    6.80    6.57    6.33    6.11    5.88    5.66    5.44    5.23    5.02    4.82    4.63    4.44    4.25    4.07    3.90    3.74    3.58    3.43    3.28    3.14    3.01    2.88    2.76    2.65    2.54    2.44    2.34    2.25    2.17    2.09    2.02    1.95    1.89    1.83    1.77    1.72    1.67    1.63    1.59    1.55    1.52    1.49    1.46    1.44    1.42    1.40    1.38    1.36    1.35    1.33    1.32    1.31    1.31    1.30    1.29    1.29    1.28    1.28    1.28    1.28    1.28    1.28    1.29    1.29    1.30    1.31    1.31    1.32    1.33    1.35    1.36    1.38    1.40    1.42    1.44    1.46    1.49    1.52    1.55    1.59    1.63    1.67    1.72    1.77    1.83    1.89    1.95    2.02    2.09    2.17    2.25    2.34    2.44    2.54    2.65    2.76    2.88    3.01    3.14    3.28    3.43    3.58    3.74    3.90    4.07    4.25    4.44    4.63    4.82    5.02    5.23    5.44    5.66    5.88    6.11    6.33    6.57    6.80    7.04    7.28    7.52    7.76    8.00
         0        97       :    8.00    7.76    7.52    7.29    7.05    6.82    6.59    6.36    6.14    5.91    5.70    5.48    5.27    5.07    4.87    4.68    4.49    4.31    4.14    3.97    3.80    3.65    3.50    3.35    3.22    3.09    2.96    2.84    2.73    2.63    2.53    2.43    2.34    2.26    2.18    2.11    2.04    1.98    1.92    1.87    1.82    1.77    1.73    1.69    1.66    1.62    1.59    1.57    1.54    1.52    1.50    1.48    1.47    1.45    1.44    1.43    1.42    1.41    1.40    1.40    1.39    1.39    1.39    1.39    1.39    1.39    1.39    1.39    1.40    1.40    1.41    1.42    1.43    1.44    1.45    1.47    1.48    1.50    1.52    1.54    1.57    1.59    1.62    1.66    1.69    1.73    1.77    1.82    1.87    1.92    1.98    2.04    2.11    2.18    2.26    2.34    2.43    2.53    2.63    2.73    2.84    2.96    3.09    3.22    3.35    3.50    3.65    3.80    3.97    4.14    4.31    4.49    4.68    4.87    5.07    5.27    5.48    5.70    5.91    6.14    6.36    6.59    6.82    7.05    7.29    7.52    7.76    8.00
         0        98       :    8.00    7.77    7.53    7.30    7.07    6.84    6.61    6.39    6.17    5.95    5.74    5.53    5.32    5.12    4.93    4.74    4.55    4.37    4.20    4.03    3.87    3.72    3.57    3.43    3.30    3.17    3.05    2.93    2.82    2.72    2.62    2.53    2.44    2.36    2.28    2.21    2.14    2.08    2.03    1.97    1.92    1.88    1.84    1.80    1.76    1.73    1.70    1.67    1.65    1.63    1.61    1.59    1.58    1.56    1.55    1.54    1.53    1.52    1.51    1.51    1.50    1.50    1.50    1.50    1.50    1.50    1.50    1.50    1.51    1.51    1.52    1.53    1.54    1.55    1.56    1.58    1.59    1.61    1.63    1.65    1.67    1.70    1.73    1.76    1.80    1.84    1.88    1.92    1.97    2.03    2.08    2.14    2.21    2.28    2.36    2.44    2.53    2.62    2.72    2.82    2.93    3.05    3.17    3.30    3.43    3.57    3.72    3.87    4.03    4.20    4.37    4.55    4.74    4.93    5.12    5.32    5.53    5.74    5.95    6.17    6.39    6.61    6.84    7.07    7.30    7.53    7.77    8.00
         0        99       :    8.00    7.77    7.54    7.31    7.09    6.86    6.64    6.42    6.20    5.99    5.78    5.57    5.37    5.17    4.98    4.80    4.61    4.44    4.27    4.11    3.95    3.80    3.65    3.52    3.38    3.26    3.14    3.02    2.92    2.81    2.72    2.63    2.54    2.46    2.39    2.32    2.25    2.19    2.13    2.08    2.03    1.99    1.95    1.91    1.88    1.84    1.82    1.79    1.77    1.74    1.73    1.71    1.69    1.68    1.67    1.66    1.65    1.64    1.63    1.63    1.62    1.62    1.62    1.62    1.62    1.62    1.62    1.62    1.63    1.63    1.64    1.65    1.66    1.67    1.68    1.69    1.71    1.73    1.74    1.77    1.79    1.82    1.84    1.88    1.91    1.95    1.99    2.03    2.08    2.13    2.19    2.25    2.32    2.39    2.46    2.54    2.63    2.72    2.81    2.92    3.02    3.14    3.26    3.38    3.52    3.65    3.80    3.95    4.11    4.27    4.44    4.61    4.80    4.98    5.17    5.37    5.57    5.78    5.99    6.20    6.42    6.64    6.86    7.09    7.31    7.54    7.77    8.00
         0       100       :    8.00    7.77    7.55    7.33    7.10    6.88    6.66    6.45    6.24    6.03    5.82    5.62    5.42    5.23    5.04    4.86    4.68    4.51    4.34    4.18    4.03    3.88    3.74    3.60    3.47    3.35    3.23    3.12    3.02    2.92    2.82    2.73    2.65    2.57    2.50    2.43    2.36    2.30    2.25    2.20    2.15    2.11    2.07    2.03    2.00    1.97    1.94    1.91    1.89    1.87    1.85    1.83    1.82    1.80    1.79    1.78    1.77    1.76    1.76    1.75    1.75    1.75    1.74    1.74    1.74    1.74    1.75    1.75    1.75    1.76    1.76    1.77    1.78    1.79    1.80    1.82    1.83    1.85    1.87    1.89    1.91    1.94    1.97    2.00    2.03    2.07    2.11    2.15    2.20    2.25    2.30    2.36    2.43    2.50    2.57    2.65    2.73    2.82    2.92    3.02    3.12    3.23    3.35    3.47    3.60    3.74    3.88    4.03    4.18    4.34    4.51    4.68    4.86    5.04    5.23    5.42    5.62    5.82    6.03    6.24    6.45    6.66    6.88    7.10    7.33    7.55    7.77    8.00
         0       101       :    8.00    7.78    7.56    7.34    7.12    6.91    6.69    6.48    6.27    6.07    5.87    5.67    5.48    5.29    5.10    4.93    4.75    4.58    4.42    4.26    4.11    3.97    3.83    3.70    3.57    3.45    3.33    3.22    3.12    3.02    2.93    2.84    2.76    2.69    2.61    2.55    2.48    2.43    2.37    2.32    2.28    2.23    2.19    2.16    2.12    2.09    2.07    2.04    2.02    2.00    1.98    1.96    1.95    1.93    1.92    1.91    1.90    1.90    1.89    1.89    1.88    1.88    1.88    1.87    1.87    1.88    1.88    1.88    1.89    1.89    1.90    1.90    1.91    1.92    1.93    1.95    1.96    1.98    2.00    2.02    2.04    2.07    2.09    2.12    2.16    2.19    2.23    2.28    2.32    2.37    2.43    2.48    2.55    2.61    2.69    2.76    2.84    2.93    3.02    3.12    3.22    3.33    3.45    3.57    3.70    3.83    3.97    4.11    4.26    4.42    4.58    4.75    4.93    5.10    5.29    5.48    5.67    5.87    6.07    6.27    6.48    6.69    6.91    7.12    7.34    7.56    7.78    8.00
         0       102       :    8.00    7.78    7.57    7.36    7.14    6.93    6.72    6.52    6.31    6.11    5.92    5.72    5.53    5.35    5.17    5.00    4.83    4.66    4.50    4.35    4.20    4.06    3.93    3.80    3.67    3.55    3.44    3.33    3.23    3.14    3.05    2.96    2.88    2.81    2.74    2.67    2.61    2.55    2.50    2.45    2.41    2.36    2.33    2.29    2.26    2.23    2.20    2.18    2.16    2.14    2.12    2.10    2.09    2.07    2.06    2.05    2.04    2.04    2.03    2.02    2.02    2.02    2.02    2.02    2.02    2.02    2.02    2.02    2.02    2.03    2.04    2.04    2.05    2.06    2.07    2.09    2.10    2.12    2.14    2.16    2.18    2.20    2.23    2.26    2.29    2.33    2.36    2.41    2.45    2.50    2.55    2.61    2.67    2.74    2.81    2.88    2.96    3.05    3.14    3.23    3.33    3.44    3.55    3.67    3.80    3.93    4.06    4.20    4.35    4.50    4.66    4.83    5.00    5.17    5.35    5.53    5.72    5.92    6.11    6.31    6.52    6.72    6.93    7.14    7.36    7.57    7.78    8.00
         0       103       :    8.00    7.79    7.58    7.37    7.16    6.96    6.75    6.55    6.35    6.16    5.97    5.78    5.59    5.41    5.24    5.07    4.90    4.74    4.59    4.44    4.30    4.16    4.03    3.90    3.78    3.66    3.55    3.45    3.35    3.26    3.17    3.09    3.01    2.94    2.87    2.80    2.74    2.69    2.64    2.59    2.54    2.50    2.47    2.43    2.40    2.37    2.35    2.32    2.30    2.28    2.26    2.25    2.23    2.22    2.21    2.20    2.19    2.18    2.18    2.17    2.17    2.17    2.16    2.16    2.16    2.16    2.17    2.17    2.17    2.18    2.18    2.19    2.20    2.21    2.22    2.23    2.25    2.26    2.28    2.30    2.32    2.35    2.37    2.40    2.43    2.47    2.50    2.54    2.59    2.64    2.69    2.74    2.80    2.87    2.94    3.01    3.09    3.17    3.26    3.35    3.45    3.55    3.66    3.78    3.90    4.03    4.16    4.30    4.44    4.59    4.74    4.90    5.07    5.24    5.41    5.59    5.78    5.97    6.16    6.35    6.55    6.75    6.96    7.16    7.37    7.58    7.79    8.00
         0       104       :    8.00    7.80    7.59    7.39    7.19    6.99    6.79    6.59    6.40    6.21    6.02    5.84    5.66    5.48    5.31    5.15    4.99    4.83    4.68    4.53    4.40    4.26    4.13    4.01    3.89    3.78    3.67    3.57    3.47    3.38    3.30    3.22    3.14    3.07    3.00    2.94    2.88    2.83    2.78    2.73    2.69    2.65    2.61    2.58    2.55    2.52    2.50    2.47    2.45    2.43    2.41    2.40    2.39    2.37    2.36    2.35    2.35    2.34    2.33    2.33    2.32    2.32    2.32    2.32    2.32    2.32    2.32    2.32    2.33    2.33    2.34    2.35    2.35    2.36    2.37    2.39    2.40    2.41    2.43    2.45    2.47    2.50    2.52    2.55    2.58    2.61    2.65    2.69    2.73    2.78    2.83    2.88    2.94    3.00    3.07    3.14    3.22    3.30    3.38    3.47    3.57    3.67    3.78    3.89    4.01    4.13    4.26    4.40    4.53    4.68    4.83    4.99    5.15    5.31    5.48    5.66    5.84    6.02    6.21    6.40    6.59    6.79    6.99    7.19    7.39    7.59    7.80    8.00
         0       105       :    8.00    7.80    7.60    7.41    7.21    7.01    6.82    6.63    6.44    6.26    6.08    5.90    5.73    5.56    5.39    5.23    5.07    4.92    4.78    4.63    4.50    4.37    4.24    4.12    4.01    3.90    3.80    3.70    3.60    3.52    3.43    3.35    3.28    3.21    3.15    3.09    3.03    2.98    2.93    2.88    2.84    2.80    2.77    2.74    2.71    2.68    2.65    2.63    2.61    2.59    2.57    2.56    2.55    2.53    2.52    2.52    2.51    2.50    2.49    2.49    2.49    2.48    2.48    2.48    2.48    2.48    2.48    2.49    2.49    2.49    2.50    2.51    2.52    2.52    2.53    2.55    2.56    2.57    2.59    2.61    2.63    2.65    2.68    2.71    2.74    2.77    2.80    2.84    2.88    2.93    2.98    3.03    3.09    3.15    3.21    3.28    3.35    3.43    3.52    3.60    3.70    3.80    3.90    4.01    4.12    4.24    4.37    4.50    4.63    4.78    4.92    5.07    5.23    5.39    5.56    5.73    5.90    6.08    6.26    6.44    6.63    6.82    7.01    7.21    7.41    7.60    7.80    8.00
         0       106       :    8.00    7.81    7.62    7.42    7.23    7.05    6.86    6.67    6.49    6.31    6.14    5.96    5.80    5.63    5.47    5.31    5.16    5.02    4.87    4.74    4.61    4.48    4.36    4.24    4.13    4.03    3.93    3.83    3.74    3.65    3.57    3.50    3.43    3.36    3.30    3.24    3.18    3.13    3.09    3.04    3.00    2.96    2.93    2.90    2.87    2.84    2.82    2.80    2.78    2.76    2.74    2.73    2.72    2.70    2.69    2.68    2.68    2.67    2.66    2.66    2.66    2.65    2.65    2.65    2.65    2.65    2.65    2.66    2.66    2.66    2.67    2.68    2.68    2.69    2.70    2.72    2.73    2.74    2.76    2.78    2.80    2.82    2.84    2.87    2.90    2.93    2.96    3.00    3.04    3.09    3.13    3.18    3.24    3.30    3.36    3.43    3.50    3.57    3.65    3.74    3.83    3.93    4.03    4.13    4.24    4.36    4.48    4.61    4.74    4.87    5.02    5.16    5.31    5.47    5.63    5.80    5.96    6.14    6.31    6.49    6.67    6.86    7.05    7.23    7.42    7.62    7.81    8.00
         0       107       :    8.00    7.81    7.63    7.44    7.26    7.08    6.90    6.72    6.54    6.37    6.20    6.03    5.87    5.71    5.56    5.40    5.26    5.12    4.98    4.85    4.72    4.60    4.48    4.37    4.26    4.16    4.06    3.97    3.88    3.80    3.72    3.65    3.58    3.51    3.45    3.40    3.34    3.29    3.25    3.21    3.17    3.13    3.10    3.07    3.04    3.01    2.99    2.97    2.95    2.93    2.92    2.90    2.89    2.88    2.87    2.86    2.85    2.85    2.84    2.84    2.83    2.83    2.83    2.83    2.83    2.83    2.83    2.83    2.84    2.84    2.85    2.85    2.86    2.87    2.88    2.89    2.90    2.92    2.93    2.95    2.97    2.99    3.01    3.04    3.07    3.10    3.13    3.17    3.21    3.25    3.29    3.34    3.40    3.45    3.51    3.58    3.65    3.72    3.80    3.88    3.97    4.06    4.16    4.26    4.37    4.48    4.60    4.72    4.85    4.98    5.12    5.26    5.40    5.56    5.71    5.87    6.03    6.20    6.37    6.54    6.72    6.90    7.08    7.26    7.44    7.63    7.81    8.00
         0       108       :    8.00    7.82    7.64    7.46    7.29    7.11    6.94    6.76    6.59    6.43    6.26    6.10    5.95    5.79    5.64    5.50    5.36    5.22    5.09    4.96    4.84    4.72    4.61    4.50    4.40    4.30    4.20    4.11    4.03    3.95    3.87    3.80    3.74    3.67    3.62    3.56    3.51    3.46    3.42    3.38    3.34    3.31    3.27    3.25    3.22    3.19    3.17    3.15    3.13    3.12    3.10    3.09    3.07    3.06    3.05    3.05    3.04    3.03    3.03    3.02    3.02    3.02    3.02    3.02    3.02    3.02    3.02    3.02    3.02    3.03    3.03    3.04    3.05    3.05    3.06    3.07    3.09    3.10    3.12    3.13    3.15    3.17    3.19    3.22    3.25    3.27    3.31    3.34    3.38    3.42    3.46    3.51    3.56    3.62    3.67    3.74    3.80    3.87    3.95    4.03    4.11    4.20    4.30    4.40    4.50    4.61    4.72    4.84    4.96    5.09    5.22    5.36    5.50    5.64    5.79    5.95    6.10    6.26    6.43    6.59    6.76    6.94    7.11    7.29    7.46    7.64    7.82    8.00
         0       109       :    8.00    7.83    7.66    7.48    7.31    7.14    6.98    6.81    6.65    6.49    6.33    6.18    6.03    5.88    5.73    5.59    5.46    5.33    5.20    5.08    4.96    4.85    4.74    4.63    4.53    4.44    4.35    4.26    4.18    4.11    4.03    3.97    3.90    3.84    3.79    3.73    3.69    3.64    3.60    3.56    3.52    3.49    3.46    3.43    3.40    3.38    3.36    3.34    3.32    3.30    3.29    3.28    3.27    3.26    3.25    3.24    3.23    3.23    3.22    3.22    3.21    3.21    3.21    3.21    3.21    3.21    3.21    3.21    3.22    3.22    3.23    3.23    3.24    3.25    3.26    3.27    3.28    3.29    3.30    3.32    3.34    3.36    3.38    3.40    3.43    3.46    3.49    3.52    3.56    3.60    3.64    3.69    3.73    3.79    3.84    3.90    3.97    4.03    4.11    4.18    4.26    4.35    4.44    4.53    4.63    4.74    4.85    4.96    5.08    5.20    5.33    5.46    5.59    5.73    5.88    6.03    6.18    6.33    6.49    6.65    6.81    6.98    7.14    7.31    7.48    7.66    7.83    8.00
         0       110       :    8.00    7.83    7.67    7.51    7.34    7.18    7.02    6.86    6.71    6.55    6.40    6.25    6.11    5.97    5.83    5.70    5.57    5.44    5.32    5.20    5.09    4.98    4.87    4.78    4.68    4.59    4.50    4.42    4.34    4.27    4.20    4.14    4.07    4.02    3.96    3.91    3.87    3.82    3.78    3.74    3.71    3.68    3.65    3.62    3.60    3.57    3.55    3.53    3.52    3.50    3.49    3.48    3.46    3.45    3.45    3.44    3.43    3.43    3.42    3.42    3.41    3.41    3.41    3.41    3.41    3.41    3.41    3.41    3.42    3.42    3.43    3.43    3.44    3.45    3.45    3.46    3.48    3.49    3.50    3.52    3.53    3.55    3.57    3.60    3.62    3.65    3.68    3.71    3.74    3.78    3.82    3.87    3.91    3.96    4.02    4.07    4.14    4.20    4.27    4.34    4.42    4.50    4.59    4.68    4.78    4.87    4.98    5.09    5.20    5.32    5.44    5.57    5.70    5.83    5.97    6.11    6.25    6.40    6.55    6.71    6.86    7.02    7.18    7.34    7.51    7.67    7.83    8.00
         0       111       :    8.00    7.84    7.68    7.53    7.37    7.22    7.06    6.91    6.76    6.62    6.47    6.33    6.19    6.06    5.93    5.80    5.68    5.56    5.44    5.33    5.22    5.12    5.02    4.92    4.83    4.74    4.66    4.58    4.51    4.44    4.37    4.31    4.25    4.20    4.15    4.10    4.05    4.01    3.97    3.94    3.90    3.87    3.85    3.82    3.80    3.77    3.75    3.74    3.72    3.71    3.69    3.68    3.67    3.66    3.65    3.65    3.64    3.63    3.63    3.63    3.62    3.62    3.62    3.62    3.62    3.62    3.62    3.62    3.63    3.63    3.63    3.64    3.65    3.65    3.66    3.67    3.68    3.69    3.71    3.72    3.74    3.75    3.77    3.80    3.82    3.85    3.87    3.90    3.94    3.97    4.01    4.05    4.10    4.15    4.20    4.25    4.31    4.37    4.44    4.51    4.58    4.66    4.74    4.83    4.92    5.02    5.12    5.22    5.33    5.44    5.56    5.68    5.80    5.93    6.06    6.19    6.33    6.47    6.62    6.76    6.91    7.06    7.22    7.37    7.53    7.68    7.84    8.00
         0       112       :    8.00    7.85    7.70    7.55    7.40    7.26    7.11    6.97    6.83    6.69    6.55    6.41    6.28    6.15    6.03    5.91    5.79    5.68    5.57    5.46    5.36    5.26    5.16    5.07    4.99    4.90    4.83    4.75    4.68    4.61    4.55    4.49    4.44    4.38    4.34    4.29    4.25    4.21    4.17    4.14    4.11    4.08    4.05    4.03    4.00    3.98    3.96    3.95    3.93    3.92    3.90    3.89    3.88    3.87    3.87    3.86    3.85    3.85    3.84    3.84    3.84    3.84    3.83    3.83    3.83    3.83    3.84    3.84    3.84    3.84    3.85    3.85    3.86    3.87    3.87    3.88    3.89    3.90    3.92    3.93    3.95    3.96    3.98    4.00    4.03    4.05    4.08    4.11    4.14    4.17    4.21    4.25    4.29    4.34    4.38    4.44    4.49    4.55    4.61    4.68    4.75    4.83    4.90    4.99    5.07    5.16    5.26    5.36    5.46    5.57    5.68    5.79    5.91    6.03    6.15    6.28    6.41    6.55    6.69    6.83    6.97    7.11    7.26    7.40    7.55    7.70    7.85    8.00
         0       113       :    8.00    7.86    7.72    7.58    7.44    7.30    7.16    7.02    6.89    6.76    6.63    6.50    6.37    6.25    6.13    6.02    5.91    5.80    5.70    5.59    5.50    5.40    5.31    5.23    5.15    5.07    5.00    4.93    4.86    4.80    4.74    4.68    4.63    4.58    4.53    4.49    4.45    4.41    4.38    4.34    4.31    4.29    4.26    4.24    4.22    4.20    4.18    4.16    4.15    4.13    4.12    4.11    4.10    4.09    4.09    4.08    4.07    4.07    4.07    4.06    4.06    4.06    4.06    4.06    4.06    4.06    4.06    4.06    4.06    4.07    4.07    4.07    4.08    4.09    4.09    4.10    4.11    4.12    4.13    4.15    4.16    4.18    4.20    4.22    4.24    4.26    4.29    4.31    4.34    4.38    4.41    4.45    4.49    4.53    4.58    4.63    4.68    4.74    4.80    4.86    4.93    5.00    5.07    5.15    5.23    5.31    5.40    5.50    5.59    5.70    5.80    5.91    6.02    6.13    6.25    6.37    6.50    6.63    6.76    6.89    7.02    7.16    7.30    7.44    7.58    7.72    7.86    8.00
         0       114       :    8.00    7.87    7.73    7.60    7.47    7.34    7.21    7.08    6.95    6.83    6.71    6.59    6.47    6.35    6.24    6.13    6.03    5.93    5.83    5.73    5.64    5.56    5.47    5.39    5.31    5.24    5.17    5.10    5.04    4.98    4.93    4.87    4.82    4.78    4.73    4.69    4.65    4.62    4.59    4.56    4.53    4.50    4.48    4.46    4.44    4.42    4.40    4.39    4.37    4.36    4.35    4.34    4.33    4.32    4.31    4.31    4.30    4.30    4.29    4.29    4.29    4.29    4.29    4.28    4.28    4.29    4.29    4.29    4.29    4.29    4.30    4.30    4.31    4.31    4.32    4.33    4.34    4.35    4.36    4.37    4.39    4.40    4.42    4.44    4.46    4.48    4.50    4.53    4.56    4.59    4.62    4.65    4.69    4.73    4.78    4.82    4.87    4.93    4.98    5.04    5.10    5.17    5.24    5.31    5.39    5.47    5.56    5.64    5.73    5.83    5.93    6.03    6.13    6.24    6.35    6.47    6.59    6.71    6.83    6.95    7.08    7.21    7.34    7.47    7.60    7.73    7.87    8.00
         0       115       :    8.00    7.87    7.75    7.63    7.50    7.38    7.26    7.14    7.02    6.90    6.79    6.68    6.57    6.46    6.35    6.25    6.15    6.06    5.97    5.88    5.79    5.71    5.63    5.56    5.48    5.41    5.35    5.29    5.23    5.17    5.12    5.07    5.02    4.98    4.94    4.90    4.87    4.83    4.80    4.77    4.75    4.72    4.70    4.68    4.66    4.64    4.63    4.62    4.60    4.59    4.58    4.57    4.56    4.55    4.55    4.54    4.54    4.53    4.53    4.53    4.52    4.52    4.52    4.52    4.52    4.52    4.52    4.52    4.53    4.53    4.53    4.54    4.54    4.55    4.55    4.56    4.57    4.58    4.59    4.60    4.62    4.63    4.64    4.66    4.68    4.70    4.72    4.75    4.77    4.80    4.83    4.87    4.90    4.94    4.98    5.02    5.07    5.12    5.17    5.23    5.29    5.35    5.41    5.48    5.56    5.63    5.71    5.79    5.88    5.97    6.06    6.15    6.25    6.35    6.46    6.57    6.68    6.79    6.90    7.02    7.14    7.26    7.38    7.50    7.63    7.75    7.87    8.00
         0       116       :    8.00    7.88    7.77    7.65    7.54    7.42    7.31    7.20    7.09    6.98    6.87    6.77    6.67    6.57    6.47    6.37    6.28    6.19    6.11    6.03    5.95    5.87    5.80    5.73    5.66    5.59    5.53    5.48    5.42    5.37    5.32    5.27    5.23    5.19    5.15    5.12    5.08    5.05    5.03    5.00    4.97    4.95    4.93    4.91    4.89    4.88    4.86    4.85    4.84    4.83    4.82    4.81    4.80    4.79    4.79    4.78    4.78    4.77    4.77    4.77    4.77    4.76    4.76    4.76    4.76    4.76    4.76    4.77    4.77    4.77    4.77    4.78    4.78    4.79    4.79    4.80    4.81    4.82    4.83    4.84    4.85    4.86    4.88    4.89    4.91    4.93    4.95    4.97    5.00    5.03    5.05    5.08    5.12    5.15    5.19    5.23    5.27    5.32    5.37    5.42    5.48    5.53    5.59    5.66    5.73    5.80    5.87    5.95    6.03    6.11    6.19    6.28    6.37    6.47    6.57    6.67    6.77    6.87    6.98    7.09    7.20    7.31    7.42    7.54    7.65    7.77    7.88    8.00
         0       117       :    8.00    7.89    7.79    7.68    7.57    7.47    7.36    7.26    7.16    7.06    6.96    6.86    6.77    6.68    6.59    6.50    6.41    6.33    6.25    6.18    6.10    6.03    5.96    5.90    5.84    5.78    5.72    5.67    5.62    5.57    5.53    5.48    5.44    5.41    5.37    5.34    5.31    5.28    5.25    5.23    5.21    5.18    5.17    5.15    5.13    5.12    5.10    5.09    5.08    5.07    5.06    5.05    5.05    5.04    5.03    5.03    5.02    5.02    5.02    5.02    5.01    5.01    5.01    5.01    5.01    5.01    5.01    5.01    5.02    5.02    5.02    5.02    5.03    5.03    5.04    5.05    5.05    5.06    5.07    5.08    5.09    5.10    5.12    5.13    5.15    5.17    5.18    5.21    5.23    5.25    5.28    5.31    5.34    5.37    5.41    5.44    5.48    5.53    5.57    5.62    5.67    5.72    5.78    5.84    5.90    5.96    6.03    6.10    6.18    6.25    6.33    6.41    6.50    6.59    6.68    6.77    6.86    6.96    7.06    7.16    7.26    7.36    7.47    7.57    7.68    7.79    7.89    8.00
         0       118       :    8.00    7.90    7.80    7.71    7.61    7.51    7.42    7.32    7.23    7.14    7.05    6.96    6.87    6.79    6.71    6.63    6.55    6.47    6.40    6.33    6.26    6.20    6.14    6.08    6.02    5.97    5.92    5.87    5.82    5.78    5.74    5.70    5.66    5.63    5.59    5.56    5.54    5.51    5.49    5.46    5.44    5.42    5.41    5.39    5.37    5.36    5.35    5.34    5.33    5.32    5.31    5.30    5.30    5.29    5.29    5.28    5.28    5.27    5.27    5.27    5.27    5.26    5.26    5.26    5.26    5.26    5.26    5.27    5.27    5.27    5.27    5.28    5.28    5.29    5.29    5.30    5.30    5.31    5.32    5.33    5.34    5.35    5.36    5.37    5.39    5.41    5.42    5.44    5.46    5.49    5.51    5.54    5.56    5.59    5.63    5.66    5.70    5.74    5.78    5.82    5.87    5.92    5.97    6.02    6.08    6.14    6.20    6.26    6.33    6.40    6.47    6.55    6.63    6.71    6.79    6.87    6.96    7.05    7.14    7.23    7.32    7.42    7.51    7.61    7.71    7.80    7.90    8.00
         0       119       :    8.00    7.91    7.82    7.73    7.65    7.56    7.47    7.39    7.30    7.22    7.14    7.06    6.98    6.90    6.83    6.76    6.69    6.62    6.55    6.49    6.43    6.37    6.31    6.26    6.21    6.16    6.11    6.07    6.03    5.99    5.95    5.91    5.88    5.85    5.82    5.79    5.77    5.74    5.72    5.70    5.68    5.67    5.65    5.64    5.62    5.61    5.60    5.59    5.58    5.57    5.56    5.56    5.55    5.55    5.54    5.54    5.53    5.53    5.53    5.53    5.52    5.52    5.52    5.52    5.52    5.52    5.52    5.52    5.53    5.53    5.53    5.53    5.54    5.54    5.55    5.55    5.56    5.56    5.57    5.58    5.59    5.60    5.61    5.62    5.64    5.65    5.67    5.68    5.70    5.72    5.74    5.77    5.79    5.82    5.85    5.88    5.91    5.95    5.99    6.03    6.07    6.11    6.16    6.21    6.26    6.31    6.37    6.43    6.49    6.55    6.62    6.69    6.76    6.83    6.90    6.98    7.06    7.14    7.22    7.30    7.39    7.47    7.56    7.65    7.73    7.82    7.91    8.00
         0       120       :    8.00    7.92    7.84    7.76    7.68    7.60    7.53    7.45    7.38    7.30    7.23    7.16    7.09    7.02    6.95    6.89    6.83    6.76    6.71    6.65    6.59    6.54    6.49    6.44    6.40    6.35    6.31    6.27    6.24    6.20    6.17    6.14    6.11    6.08    6.05    6.03    6.01    5.98    5.96    5.95    5.93    5.91    5.90    5.89    5.88    5.86    5.85    5.85    5.84    5.83    5.82    5.82    5.81    5.81    5.80    5.80    5.80    5.79    5.79    5.79    5.79    5.79    5.79    5.78    5.78    5.79    5.79    5.79    5.79    5.79    5.79    5.80    5.80    5.80    5.81    5.81    5.82    5.82    5.83    5.84    5.85    5.85    5.86    5.88    5.89    5.90    5.91    5.93    5.95    5.96    5.98    6.01    6.03    6.05    6.08    6.11    6.14    6.17    6.20    6.24    6.27    6.31    6.35    6.40    6.44    6.49    6.54    6.59    6.65    6.71    6.76    6.83    6.89    6.95    7.02    7.09    7.16    7.23    7.30    7.38    7.45    7.53    7.60    7.68    7.76    7.84    7.92    8.00
         0       121       :    8.00    7.93    7.86    7.79    7.72    7.65    7.58    7.52    7.45    7.39    7.32    7.26    7.20    7.14    7.08    7.02    6.97    6.91    6.86    6.81    6.76    6.72    6.67    6.63    6.59    6.55    6.52    6.48    6.45    6.42    6.39    6.36    6.33    6.31    6.29    6.27    6.25    6.23    6.21    6.19    6.18    6.17    6.15    6.14    6.13    6.12    6.11    6.11    6.10    6.09    6.09    6.08    6.08    6.07    6.07    6.06    6.06    6.06    6.06    6.06    6.05    6.05    6.05    6.05    6.05    6.05    6.05    6.05    6.06    6.06    6.06    6.06    6.06    6.07    6.07    6.08    6.08    6.09    6.09    6.10    6.11    6.11    6.12    6.13    6.14    6.15    6.17    6.18    6.19    6.21    6.23    6.25    6.27    6.29    6.31    6.33    6.36    6.39    6.42    6.45    6.48    6.52    6.55    6.59    6.63    6.67    6.72    6.76    6.81    6.86    6.91    6.97    7.02    7.08    7.14    7.20    7.26    7.32    7.39    7.45    7.52    7.58    7.65    7.72    7.79    7.86    7.93    8.00
         0       122       :    8.00    7.94    7.88    7.82    7.76    7.70    7.64    7.58    7.53    7.47    7.42    7.36    7.31    7.26    7.21    7.16    7.11    7.06    7.02    6.98    6.94    6.90    6.86    6.82    6.79    6.75    6.72    6.69    6.66    6.64    6.61    6.59    6.57    6.55    6.53    6.51    6.49    6.47    6.46    6.45    6.43    6.42    6.41    6.40    6.39    6.38    6.38    6.37    6.36    6.36    6.35    6.35    6.34    6.34    6.34    6.33    6.33    6.33    6.33    6.33    6.33    6.32    6.32    6.32    6.32    6.32    6.32    6.33    6.33    6.33    6.33    6.33    6.33    6.34    6.34    6.34    6.35    6.35    6.36    6.36    6.37    6.38    6.38    6.39    6.40    6.41    6.42    6.43    6.45    6.46    6.47    6.49    6.51    6.53    6.55    6.57    6.59    6.61    6.64    6.66    6.69    6.72    6.75    6.79    6.82    6.86    6.90    6.94    6.98    7.02    7.06    7.11    7.16    7.21    7.26    7.31    7.36    7.42    7.47    7.53    7.58    7.64    7.70    7.76    7.82    7.88    7.94    8.00
         0       123       :    8.00    7.95    7.90    7.85    7.80    7.75    7.70    7.65    7.60    7.56    7.51    7.47    7.42    7.38    7.34    7.30    7.26    7.22    7.18    7.14    7.11    7.08    7.05    7.01    6.99    6.96    6.93    6.91    6.88    6.86    6.84    6.82    6.80    6.78    6.77    6.75    6.74    6.72    6.71    6.70    6.69    6.68    6.67    6.66    6.65    6.65    6.64    6.64    6.63    6.63    6.62    6.62    6.61    6.61    6.61    6.61    6.60    6.60    6.60    6.60    6.60    6.60    6.60    6.60    6.60    6.60    6.60    6.60    6.60    6.60    6.60    6.60    6.61    6.61    6.61    6.61    6.62    6.62    6.63    6.63    6.64    6.64    6.65    6.65    6.66    6.67    6.68    6.69    6.70    6.71    6.72    6.74    6.75    6.77    6.78    6.80    6.82    6.84    6.86    6.88    6.91    6.93    6.96    6.99    7.01    7.05    7.08    7.11    7.14    7.18    7.22    7.26    7.30    7.34    7.38    7.42    7.47    7.51    7.56    7.60    7.65    7.70    7.75    7.80    7.85    7.90    7.95    8.00
         0       124       :    8.00    7.96    7.92    7.88    7.84    7.80    7.76    7.72    7.68    7.65    7.61    7.57    7.54    7.50    7.47    7.44    7.40    7.37    7.34    7.31    7.29    7.26    7.23    7.21    7.19    7.16    7.14    7.12    7.10    7.09    7.07    7.05    7.04    7.02    7.01    7.00    6.99    6.98    6.97    6.96    6.95    6.94    6.93    6.93    6.92    6.92    6.91    6.91    6.90    6.90    6.89    6.89    6.89    6.89    6.88    6.88    6.88    6.88    6.88    6.88    6.88    6.88    6.88    6.87    6.87    6.88    6.88    6.88    6.88    6.88    6.88    6.88    6.88    6.88    6.89    6.89    6.89    6.89    6.90    6.90    6.91    6.91    6.92    6.92    6.93    6.93    6.94    6.95    6.96    6.97    6.98    6.99    7.00    7.01    7.02    7.04    7.05    7.07    7.09    7.10    7.12    7.14    7.16    7.19    7.21    7.23    7.26    7.29    7.31    7.34    7.37    7.40    7.44    7.47    7.50    7.54    7.57    7.61    7.65    7.68    7.72    7.76    7.80    7.84    7.88    7.92    7.96    8.00
         0       125       :    8.00    7.97    7.94    7.91    7.88    7.85    7.82    7.79    7.76    7.73    7.71    7.68    7.65    7.63    7.60    7.58    7.55    7.53    7.51    7.48    7.46    7.44    7.42    7.41    7.39    7.37    7.36    7.34    7.33    7.31    7.30    7.29    7.28    7.27    7.26    7.25    7.24    7.23    7.22    7.22    7.21    7.20    7.20    7.19    7.19    7.18    7.18    7.18    7.17    7.17    7.17    7.17    7.16    7.16    7.16    7.16    7.16    7.16    7.16    7.16    7.16    7.15    7.15    7.15    7.15    7.15    7.15    7.16    7.16    7.16    7.16    7.16    7.16    7.16    7.16    7.16    7.17    7.17    7.17    7.17    7.18    7.18    7.18    7.19    7.19    7.20    7.20    7.21    7.22    7.22    7.23    7.24    7.25    7.26    7.27    7.28    7.29    7.30    7.31    7.33    7.34    7.36    7.37    7.39    7.41    7.42    7.44    7.46    7.48    7.51    7.53    7.55    7.58    7.60    7.63    7.65    7.68    7.71    7.73    7.76    7.79    7.82    7.85    7.88    7.91    7.94    7.97    8.00
         0       126       :    8.00    7.98    7.96    7.94    7.92    7.90    7.88    7.86    7.84    7.82    7.80    7.79    7.77    7.75    7.73    7.72    7.70    7.68    7.67    7.66    7.64    7.63    7.62    7.60    7.59    7.58    7.57    7.56    7.55    7.54    7.53    7.52    7.52    7.51    7.50    7.50    7.49    7.49    7.48    7.48    7.47    7.47    7.46    7.46    7.46    7.46    7.45    7.45    7.45    7.45    7.44    7.44    7.44    7.44    7.44    7.44    7.44    7.44    7.44    7.44    7.44    7.44    7.44    7.44    7.44    7.44    7.44    7.44    7.44    7.44    7.44    7.44    7.44    7.44    7.44    7.44    7.44    7.44    7.45    7.45    7.45    7.45    7.46    7.46    7.46    7.46    7.47    7.47    7.48    7.48    7.49    7.49    7.50    7.50    7.51    7.52    7.52    7.53    7.54    7.55    7.56    7.57    7.58    7.59    7.60    7.62    7.63    7.64    7.66    7.67    7.68    7.70    7.72    7.73    7.75    7.77    7.79    7.80    7.82    7.84    7.86    7.88    7.90    7.92    7.94    7.96    7.98    8.00
         0       127       :    8.00    7.99    7.98    7.97    7.96    7.95    7.94    7.93    7.92    7.91    7.90    7.89    7.88    7.87    7.87    7.86    7.85    7.84    7.83    7.83    7.82    7.81    7.81    7.80    7.80    7.79    7.78    7.78    7.77    7.77    7.77    7.76    7.76    7.75    7.75    7.75    7.75    7.74    7.74    7.74    7.74    7.73    7.73    7.73    7.73    7.73    7.73    7.72    7.72    7.72    7.72    7.72    7.72    7.72    7.72    7.72    7.72    7.72    7.72    7.72    7.72    7.72    7.72    7.72    7.72    7.72    7.72    7.72    7.72    7.72    7.72    7.72    7.72    7.72    7.72    7.72    7.72    7.72    7.72    7.72    7.72    7.73    7.73    7.73    7.73    7.73    7.73    7.74    7.74    7.74    7.74    7.75    7.75    7.75    7.75    7.76    7.76    7.77    7.77    7.77    7.78    7.78    7.79    7.80    7.80    7.81    7.81    7.82    7.83    7.83    7.84    7.85    7.86    7.87    7.87    7.88    7.89    7.90    7.91    7.92    7.93    7.94    7.95    7.96    7.97    7.98    7.99    8.00
         0       128       :    8.00    8.00    8.00    8.00    8.00    8.00    8.00    8.00    8.00    8.00    8.00    8.00    8.00    8.00    8.00    8.00    8.00    8.00    8.00    8.00    8.00    8.00    8.00    8.00    8.00    8.00    8.00    8.00    8.00    8.00    8.00    8.00    8.00    8.00    8.00    8.00    8.00    8.00    8.00    8.00    8.00    8.00    8.00    8.00    8.00    8.00    8.00    8.00    8.00    8.00    8.00    8.00    8.00    8.00    8.00    8.00    8.00    8.00    8.00    8.00    8.00    8.00    8.00    8.00    8.00    8.00    8.00    8.00    8.00    8.00    8.00    8.00    8.00    8.00    8.00    8.00    8.00    8.00    8.00    8.00    8.00    8.00    8.00    8.00    8.00    8.00    8.00    8.00    8.00    8.00    8.00    8.00    8.00    8.00    8.00    8.00    8.00    8.00    8.00    8.00    8.00    8.00    8.00    8.00    8.00    8.00    8.00    8.00    8.00    8.00    8.00    8.00    8.00    8.00    8.00    8.00    8.00    8.00    8.00    8.00    8.00    8.00    8.00    8.00    8.00    8.00    8.00    8.00


==================================== Jacobi性能剖析报告 ====================================
进程总数: 1, 矩阵规模: 128列, 迭代步数: 1000
--------------------------------------------------------------------------------------------
内存/变量初始化耗时:      0.000248 秒
迭代总通信耗时:           0.000628 秒 (每步平均: 0.000001 秒)
迭代总计算耗时:           0.233501 秒 (每步平均: 0.000234 秒)
文件IO总耗时:             0.004582 秒
程序总耗时:               0.241641 秒
--------------------------------------------------------------------------------------------
耗时占比分析（基于总耗时）:
内存初始化:   0.102821 %
通信耗时:     0.259806 %
计算耗时:     96.631419 %
文件IO:       1.896006 %
其他耗时:     1.109947 %
============================================================================================

